-- MySQL dump 10.13  Distrib 8.0.30, for macos12 (x86_64)
--
-- Host: 127.0.0.1    Database: six
-- ------------------------------------------------------
-- Server version	8.0.36

/*!40101 SET @OLD_CHARACTER_SET_CLIENT=@@CHARACTER_SET_CLIENT */;
/*!40101 SET @OLD_CHARACTER_SET_RESULTS=@@CHARACTER_SET_RESULTS */;
/*!40101 SET @OLD_COLLATION_CONNECTION=@@COLLATION_CONNECTION */;
/*!50503 SET NAMES utf8mb4 */;
/*!40103 SET @OLD_TIME_ZONE=@@TIME_ZONE */;
/*!40103 SET TIME_ZONE='+00:00' */;
/*!40014 SET @OLD_UNIQUE_CHECKS=@@UNIQUE_CHECKS, UNIQUE_CHECKS=0 */;
/*!40014 SET @OLD_FOREIGN_KEY_CHECKS=@@FOREIGN_KEY_CHECKS, FOREIGN_KEY_CHECKS=0 */;
/*!40101 SET @OLD_SQL_MODE=@@SQL_MODE, SQL_MODE='NO_AUTO_VALUE_ON_ZERO' */;
/*!40111 SET @OLD_SQL_NOTES=@@SQL_NOTES, SQL_NOTES=0 */;

--
-- Table structure for table `Banner`
--

DROP TABLE IF EXISTS `Banner`;
/*!40101 SET @saved_cs_client     = @@character_set_client */;
/*!50503 SET character_set_client = utf8mb4 */;
CREATE TABLE `Banner` (
  `id` int NOT NULL AUTO_INCREMENT,
  `content` varchar(191) COLLATE utf8mb4_unicode_ci NOT NULL,
  `name` varchar(191) COLLATE utf8mb4_unicode_ci NOT NULL,
  `img` varchar(191) COLLATE utf8mb4_unicode_ci NOT NULL,
  `video` varchar(191) COLLATE utf8mb4_unicode_ci NOT NULL,
  `delete` tinyint(1) NOT NULL DEFAULT '0',
  `createdAt` datetime(3) NOT NULL DEFAULT CURRENT_TIMESTAMP(3),
  `updatedAt` datetime(3) NOT NULL,
  `index` int NOT NULL DEFAULT '1',
  `used` tinyint(1) NOT NULL DEFAULT '1',
  PRIMARY KEY (`id`)
) ENGINE=InnoDB DEFAULT CHARSET=utf8mb4 COLLATE=utf8mb4_unicode_ci;
/*!40101 SET character_set_client = @saved_cs_client */;

--
-- Dumping data for table `Banner`
--

/*!40000 ALTER TABLE `Banner` DISABLE KEYS */;
/*!40000 ALTER TABLE `Banner` ENABLE KEYS */;

--
-- Table structure for table `Book`
--

DROP TABLE IF EXISTS `Book`;
/*!40101 SET @saved_cs_client     = @@character_set_client */;
/*!50503 SET character_set_client = utf8mb4 */;
CREATE TABLE `Book` (
  `id` int NOT NULL AUTO_INCREMENT,
  `name` varchar(191) COLLATE utf8mb4_unicode_ci NOT NULL,
  `url` varchar(191) COLLATE utf8mb4_unicode_ci NOT NULL,
  `content` varchar(191) COLLATE utf8mb4_unicode_ci NOT NULL,
  `delete` tinyint(1) NOT NULL DEFAULT '0',
  `createdAt` datetime(3) NOT NULL DEFAULT CURRENT_TIMESTAMP(3),
  `updatedAt` datetime(3) NOT NULL,
  `img` varchar(191) COLLATE utf8mb4_unicode_ci NOT NULL,
  `isdefault` tinyint(1) NOT NULL DEFAULT '0',
  PRIMARY KEY (`id`)
) ENGINE=InnoDB AUTO_INCREMENT=2 DEFAULT CHARSET=utf8mb4 COLLATE=utf8mb4_unicode_ci;
/*!40101 SET character_set_client = @saved_cs_client */;

--
-- Dumping data for table `Book`
--

/*!40000 ALTER TABLE `Book` DISABLE KEYS */;
INSERT INTO `Book` VALUES (1,'三味书屋','三味书屋','三味书屋是鲁迅先生',0,'2024-11-11 03:31:08.407','2024-11-11 03:31:08.407','111',0);
/*!40000 ALTER TABLE `Book` ENABLE KEYS */;

--
-- Table structure for table `BookHis`
--

DROP TABLE IF EXISTS `BookHis`;
/*!40101 SET @saved_cs_client     = @@character_set_client */;
/*!50503 SET character_set_client = utf8mb4 */;
CREATE TABLE `BookHis` (
  `id` int NOT NULL AUTO_INCREMENT,
  `time` int NOT NULL,
  `count` int NOT NULL,
  `content` varchar(191) COLLATE utf8mb4_unicode_ci NOT NULL,
  `bookId` int NOT NULL,
  `userId` int NOT NULL,
  `delete` tinyint(1) NOT NULL DEFAULT '0',
  `createdAt` datetime(3) NOT NULL DEFAULT CURRENT_TIMESTAMP(3),
  `updatedAt` datetime(3) NOT NULL,
  PRIMARY KEY (`id`),
  KEY `BookHis_bookId_fkey` (`bookId`),
  KEY `BookHis_userId_fkey` (`userId`),
  CONSTRAINT `BookHis_bookId_fkey` FOREIGN KEY (`bookId`) REFERENCES `Book` (`id`) ON DELETE RESTRICT ON UPDATE CASCADE,
  CONSTRAINT `BookHis_userId_fkey` FOREIGN KEY (`userId`) REFERENCES `User` (`id`) ON DELETE RESTRICT ON UPDATE CASCADE
) ENGINE=InnoDB AUTO_INCREMENT=32 DEFAULT CHARSET=utf8mb4 COLLATE=utf8mb4_unicode_ci;
/*!40101 SET character_set_client = @saved_cs_client */;

--
-- Dumping data for table `BookHis`
--

/*!40000 ALTER TABLE `BookHis` DISABLE KEYS */;
INSERT INTO `BookHis` VALUES (2,1321,1,'阅读三味书屋',1,1,0,'2024-11-11 03:31:57.500','2024-11-11 03:31:57.500'),(3,97000,1,'不错不凑报错',1,4,0,'2024-11-13 13:04:46.545','2024-11-13 13:04:46.545'),(4,44000,1,'你哈地方胜多负少',1,4,0,'2024-11-13 13:24:40.602','2024-11-13 13:24:40.602'),(5,1000,1,'22',1,4,0,'2024-11-13 13:30:28.075','2024-11-13 13:30:28.075'),(6,10000,1,'NISFNSDFSFS',1,4,0,'2024-11-13 13:37:50.939','2024-11-13 13:37:50.939'),(7,10000,1,'阿斯顿法师打发斯蒂芬是打发',1,4,0,'2024-11-13 13:46:36.927','2024-11-13 13:46:36.927'),(8,10000,1,'点读点读分享',1,4,0,'2024-11-13 13:54:29.252','2024-11-13 13:54:29.252'),(9,647000,20,'引导入心入定，音乐韵律悠扬动听，有能量。点读效果特别好，仿佛在一片竹林里，环境与人相互融合。点读的美感和治愈喜乐入到血液和骨髓里了。',1,2,0,'2024-12-27 07:11:41.176','2024-12-27 07:11:41.176'),(10,664000,20,'引导入心入定，音乐韵律悠扬动听，有能量。点读效果特别好，仿佛在一片竹林里，环境与人相互融合。点读的美感和治愈喜乐入到血液和骨髓里了。',1,2,0,'2024-12-27 07:12:29.934','2024-12-27 07:12:29.934'),(11,3612000,50,'音乐很优美，能让心静下来认真点读，音乐节奏和点读节奏能融合在一起，悦耳舒心/:heart',1,7,0,'2024-12-27 09:26:19.209','2024-12-27 09:26:19.209'),(12,801000,7,'遍',1,6,0,'2024-12-27 11:24:59.007','2024-12-27 11:24:59.007'),(13,733000,5,'音乐优美，点读喜悦，心情舒畅',1,2,0,'2024-12-27 11:27:38.272','2024-12-27 11:27:38.272'),(14,285000,11,'11111',1,2,0,'2024-12-27 12:50:04.351','2024-12-27 12:50:04.351'),(15,125000,222,'',1,2,0,'2024-12-27 13:00:12.670','2024-12-27 13:00:12.670'),(16,633000,10,'点读六合竹简有感\n\n古简悠悠韵味长，指尖轻触墨流芳。\n十分静意身心畅，神往千年梦亦翔。',1,8,0,'2024-12-28 00:57:33.964','2024-12-28 00:57:33.964'),(17,5000,1,'天上白玉京，十二楼五城。仙人抚我顶，结发受长生',1,2,0,'2024-12-28 01:16:16.782','2024-12-28 01:16:16.782'),(18,1821000,50,'',1,2,0,'2024-12-28 02:45:06.411','2024-12-28 02:45:06.411'),(19,1000,30,'心得：音乐恢宏大气，余音缭绕。倚楼看镜，此意与谁论，一重水，一重山，目断令人老。',1,2,0,'2024-12-28 07:34:16.908','2024-12-28 07:34:16.908'),(20,7000,30,'心得：音乐恢宏大气，余音缭绕。倚楼看镜，此意与谁论，一重水，一重山，目断令人老。',1,2,0,'2024-12-28 07:35:07.423','2024-12-28 07:35:07.423'),(21,9000,30,'心得：音乐恢宏大气，余音缭绕。倚楼看镜，此意与谁论，一重水，一重山，目断令人老。',1,2,0,'2024-12-28 07:35:25.867','2024-12-28 07:35:25.867'),(22,10000,30,'心得：音乐恢宏大气，余音缭绕。倚楼看镜，此意与谁论，一重水，一重山，目断令人老。',1,2,0,'2024-12-28 07:35:48.718','2024-12-28 07:35:48.718'),(23,11000,30,'心得：音乐恢宏大气，余音缭绕。倚楼看镜，此意与谁论，一重水，一重山，目断令人老。',1,2,0,'2024-12-28 07:35:54.078','2024-12-28 07:35:54.078'),(24,14000,30,'心得：音乐恢宏大气，余音缭绕。倚楼看镜，此意与谁论，一重水，一重山，目断令人老。',1,2,0,'2024-12-28 07:36:01.592','2024-12-28 07:36:01.592'),(25,15000,30,'心得：音乐恢宏大气，余音缭绕。倚楼看镜，此意与谁论，一重水，一重山，目断令人老。',1,2,0,'2024-12-28 07:37:40.363','2024-12-28 07:37:40.363'),(26,17000,30,'心得：音乐恢宏大气，余音缭绕。倚楼看镜，此意与谁论，一重水，一重山，目断令人老。',1,2,0,'2024-12-28 07:37:49.828','2024-12-28 07:37:49.828'),(27,353000,30,'心得：音乐恢宏大气，余音缭绕。倚楼看镜，此意与谁论，一重水，一重山，目断令人老。',1,2,0,'2024-12-28 07:43:32.449','2024-12-28 07:43:32.449'),(28,121000,20,'',1,2,0,'2024-12-28 08:27:13.059','2024-12-28 08:27:13.059'),(29,1544000,20,'晨读文赋有感\n晨吟文赋意悠哉，沉醉其中心自开。\n未觉时光轻悄过，诗章已入韵中来。',1,8,0,'2024-12-29 00:12:49.503','2024-12-29 00:12:49.503'),(30,1281000,11,'点读越来越顺利，已经会背诵啦',1,2,0,'2024-12-30 23:00:46.243','2024-12-30 23:00:46.243'),(31,72000,5,'aaa',1,8,0,'2025-01-06 05:18:25.357','2025-01-06 05:18:25.357');
/*!40000 ALTER TABLE `BookHis` ENABLE KEYS */;

--
-- Table structure for table `BookHisCount`
--

DROP TABLE IF EXISTS `BookHisCount`;
/*!40101 SET @saved_cs_client     = @@character_set_client */;
/*!50503 SET character_set_client = utf8mb4 */;
CREATE TABLE `BookHisCount` (
  `id` int NOT NULL AUTO_INCREMENT,
  `time` int NOT NULL,
  `count` int NOT NULL,
  `content` varchar(191) COLLATE utf8mb4_unicode_ci NOT NULL,
  `bookId` int NOT NULL,
  `userId` int NOT NULL,
  `delete` tinyint(1) NOT NULL DEFAULT '0',
  `createdAt` datetime(3) NOT NULL DEFAULT CURRENT_TIMESTAMP(3),
  `updatedAt` datetime(3) NOT NULL,
  PRIMARY KEY (`id`),
  KEY `BookHisCount_bookId_fkey` (`bookId`),
  KEY `BookHisCount_userId_fkey` (`userId`),
  CONSTRAINT `BookHisCount_bookId_fkey` FOREIGN KEY (`bookId`) REFERENCES `Book` (`id`) ON DELETE RESTRICT ON UPDATE CASCADE,
  CONSTRAINT `BookHisCount_userId_fkey` FOREIGN KEY (`userId`) REFERENCES `User` (`id`) ON DELETE RESTRICT ON UPDATE CASCADE
) ENGINE=InnoDB AUTO_INCREMENT=7 DEFAULT CHARSET=utf8mb4 COLLATE=utf8mb4_unicode_ci;
/*!40101 SET character_set_client = @saved_cs_client */;

--
-- Dumping data for table `BookHisCount`
--

/*!40000 ALTER TABLE `BookHisCount` DISABLE KEYS */;
INSERT INTO `BookHisCount` VALUES (1,1321,1,'阅读三味书屋',1,1,0,'2024-11-11 03:31:57.509','2024-11-11 03:31:57.509'),(2,172000,6,'点读点读分享',1,4,0,'2024-11-13 13:04:46.553','2024-11-13 13:54:29.260'),(3,6119000,630,'点读越来越顺利，已经会背诵啦',1,2,0,'2024-12-27 07:11:41.185','2024-12-30 23:00:46.252'),(4,3612000,50,'音乐很优美，能让心静下来认真点读，音乐节奏和点读节奏能融合在一起，悦耳舒心/:heart',1,7,0,'2024-12-27 09:26:19.216','2024-12-27 09:26:19.216'),(5,801000,7,'遍',1,6,0,'2024-12-27 11:24:59.015','2024-12-27 11:24:59.015'),(6,2249000,35,'aaa',1,8,0,'2024-12-28 00:57:33.971','2025-01-06 05:18:25.365');
/*!40000 ALTER TABLE `BookHisCount` ENABLE KEYS */;

--
-- Table structure for table `Code`
--

DROP TABLE IF EXISTS `Code`;
/*!40101 SET @saved_cs_client     = @@character_set_client */;
/*!50503 SET character_set_client = utf8mb4 */;
CREATE TABLE `Code` (
  `id` int NOT NULL AUTO_INCREMENT,
  `bookId` int NOT NULL,
  `code` varchar(191) COLLATE utf8mb4_unicode_ci NOT NULL,
  `userId` int DEFAULT NULL,
  `active` tinyint(1) NOT NULL DEFAULT '0',
  `activatedAt` datetime(3) DEFAULT NULL,
  `delete` tinyint(1) NOT NULL DEFAULT '0',
  `createdAt` datetime(3) NOT NULL DEFAULT CURRENT_TIMESTAMP(3),
  `updatedAt` datetime(3) NOT NULL DEFAULT CURRENT_TIMESTAMP(3),
  PRIMARY KEY (`id`),
  UNIQUE KEY `Code_code_key` (`code`),
  KEY `Code_bookId_fkey` (`bookId`),
  KEY `Code_userId_fkey` (`userId`),
  CONSTRAINT `Code_bookId_fkey` FOREIGN KEY (`bookId`) REFERENCES `Book` (`id`) ON DELETE RESTRICT ON UPDATE CASCADE,
  CONSTRAINT `Code_userId_fkey` FOREIGN KEY (`userId`) REFERENCES `User` (`id`) ON DELETE SET NULL ON UPDATE CASCADE
) ENGINE=InnoDB AUTO_INCREMENT=31 DEFAULT CHARSET=utf8mb4 COLLATE=utf8mb4_unicode_ci;
/*!40101 SET character_set_client = @saved_cs_client */;

--
-- Dumping data for table `Code`
--

/*!40000 ALTER TABLE `Code` DISABLE KEYS */;
INSERT INTO `Code` VALUES (3,1,'18795869f9',4,1,NULL,0,'2024-11-13 12:59:06.324','2024-11-13 12:59:06.324'),(4,1,'4f1843090b',NULL,0,NULL,0,'2024-11-13 12:59:06.327','2024-11-13 12:59:06.327'),(5,1,'6c5450de08',NULL,0,NULL,0,'2024-11-13 12:59:06.331','2024-11-13 12:59:06.331'),(6,1,'a74f913c53',NULL,0,NULL,0,'2024-11-13 12:59:06.336','2024-11-13 12:59:06.336'),(7,1,'395721fbf1',NULL,0,NULL,0,'2024-11-13 12:59:06.339','2024-11-13 12:59:06.339'),(8,1,'c290e4c3ad',NULL,0,NULL,0,'2024-11-13 12:59:06.343','2024-11-13 12:59:06.343'),(9,1,'bc8c835e10',NULL,0,NULL,0,'2024-11-13 12:59:06.346','2024-11-13 12:59:06.346'),(10,1,'aa3d1c629e',6,1,NULL,0,'2024-11-13 12:59:06.350','2024-11-13 12:59:06.350'),(11,1,'908c2cca1e',NULL,0,NULL,0,'2024-12-27 03:33:44.921','2024-12-27 03:33:44.921'),(12,1,'5ef53541fe',7,1,NULL,0,'2024-12-27 03:33:44.926','2024-12-27 03:33:44.926'),(13,1,'513bfee8ab',NULL,0,NULL,0,'2024-12-27 03:33:44.930','2024-12-27 03:33:44.930'),(14,1,'c7ba912176',NULL,0,NULL,0,'2024-12-27 03:33:44.934','2024-12-27 03:33:44.934'),(15,1,'f2f304492f',NULL,0,NULL,0,'2024-12-27 03:33:44.938','2024-12-27 03:33:44.938'),(16,1,'3adbc73614',NULL,0,NULL,0,'2024-12-27 03:33:44.942','2024-12-27 03:33:44.942'),(17,1,'8f8cdaf4f5',NULL,0,NULL,0,'2024-12-27 03:33:44.946','2024-12-27 03:33:44.946'),(18,1,'a702c280bc',NULL,0,NULL,0,'2024-12-27 03:33:44.949','2024-12-27 03:33:44.949'),(19,1,'5772e8ad48',NULL,0,NULL,0,'2024-12-27 03:33:44.953','2024-12-27 03:33:44.953'),(20,1,'f4d9e4676f',NULL,0,NULL,0,'2024-12-27 03:33:44.957','2024-12-27 03:33:44.957'),(21,1,'9a68b11f93',NULL,0,NULL,0,'2024-12-27 03:33:44.960','2024-12-27 03:33:44.960'),(22,1,'685c4ab46d',NULL,0,NULL,0,'2024-12-27 03:33:44.964','2024-12-27 03:33:44.964'),(23,1,'b2f6662d77',NULL,0,NULL,0,'2024-12-27 03:33:44.968','2024-12-27 03:33:44.968'),(24,1,'489d434864',NULL,0,NULL,0,'2024-12-27 03:33:44.973','2024-12-27 03:33:44.973'),(25,1,'7d548be6b9',NULL,0,NULL,0,'2024-12-27 03:33:44.976','2024-12-27 03:33:44.976'),(26,1,'6e4d5c9f47',NULL,0,NULL,0,'2024-12-27 03:33:44.980','2024-12-27 03:33:44.980'),(27,1,'ad3d78da35',NULL,0,NULL,0,'2024-12-27 03:33:44.984','2024-12-27 03:33:44.984'),(28,1,'72240e1b78',NULL,0,NULL,0,'2024-12-27 03:33:44.988','2024-12-27 03:33:44.988'),(29,1,'e28026aace',2,1,NULL,0,'2024-12-27 03:33:44.992','2024-12-27 03:33:44.992'),(30,1,'747d9b4f31',8,1,NULL,0,'2024-12-27 03:33:44.996','2024-12-27 03:33:44.996');
/*!40000 ALTER TABLE `Code` ENABLE KEYS */;

--
-- Table structure for table `Credit`
--

DROP TABLE IF EXISTS `Credit`;
/*!40101 SET @saved_cs_client     = @@character_set_client */;
/*!50503 SET character_set_client = utf8mb4 */;
CREATE TABLE `Credit` (
  `id` int NOT NULL AUTO_INCREMENT,
  `userId` int NOT NULL,
  `credit` int NOT NULL DEFAULT '0',
  `createdAt` datetime(3) NOT NULL DEFAULT CURRENT_TIMESTAMP(3),
  `updatedAt` datetime(3) NOT NULL,
  `delete` tinyint(1) NOT NULL DEFAULT '0',
  PRIMARY KEY (`id`),
  UNIQUE KEY `Credit_userId_key` (`userId`),
  CONSTRAINT `Credit_userId_fkey` FOREIGN KEY (`userId`) REFERENCES `User` (`id`) ON DELETE RESTRICT ON UPDATE CASCADE
) ENGINE=InnoDB AUTO_INCREMENT=13 DEFAULT CHARSET=utf8mb4 COLLATE=utf8mb4_unicode_ci;
/*!40101 SET character_set_client = @saved_cs_client */;

--
-- Dumping data for table `Credit`
--

/*!40000 ALTER TABLE `Credit` DISABLE KEYS */;
INSERT INTO `Credit` VALUES (1,1,0,'2024-11-11 02:52:04.242','2024-11-12 12:27:35.560',0),(2,2,655,'2024-11-12 12:29:40.170','2025-01-26 00:26:27.549',0),(3,3,0,'2024-11-12 13:16:36.578','2024-11-12 13:16:36.617',0),(4,4,34,'2024-11-12 13:21:51.181','2024-11-13 13:55:43.356',0),(5,5,10,'2024-11-30 07:54:17.709','2024-11-30 07:54:17.806',0),(6,6,40,'2024-12-27 07:24:01.333','2024-12-27 11:24:59.101',0),(7,7,40,'2024-12-27 08:04:10.878','2024-12-28 22:08:42.569',0),(8,8,130,'2024-12-28 00:39:00.932','2025-01-06 05:32:52.907',0),(9,9,25,'2025-01-11 05:53:31.745','2025-01-11 07:19:49.382',0),(10,10,5,'2025-01-12 08:37:34.392','2025-01-12 08:37:34.392',0),(11,11,5,'2025-01-20 07:37:32.825','2025-01-20 07:37:32.825',0),(12,12,5,'2025-01-22 01:51:07.609','2025-01-22 01:51:07.609',0);
/*!40000 ALTER TABLE `Credit` ENABLE KEYS */;

--
-- Table structure for table `CreditHis`
--

DROP TABLE IF EXISTS `CreditHis`;
/*!40101 SET @saved_cs_client     = @@character_set_client */;
/*!50503 SET character_set_client = utf8mb4 */;
CREATE TABLE `CreditHis` (
  `id` int NOT NULL AUTO_INCREMENT,
  `credit` int NOT NULL DEFAULT '0',
  `content` varchar(191) COLLATE utf8mb4_unicode_ci DEFAULT NULL,
  `userId` int NOT NULL,
  `createdAt` datetime(3) NOT NULL DEFAULT CURRENT_TIMESTAMP(3),
  `updatedAt` datetime(3) NOT NULL,
  `delete` tinyint(1) NOT NULL DEFAULT '0',
  PRIMARY KEY (`id`),
  KEY `CreditHis_userId_fkey` (`userId`),
  CONSTRAINT `CreditHis_userId_fkey` FOREIGN KEY (`userId`) REFERENCES `User` (`id`) ON DELETE RESTRICT ON UPDATE CASCADE
) ENGINE=InnoDB AUTO_INCREMENT=162 DEFAULT CHARSET=utf8mb4 COLLATE=utf8mb4_unicode_ci;
/*!40101 SET character_set_client = @saved_cs_client */;

--
-- Dumping data for table `CreditHis`
--

/*!40000 ALTER TABLE `CreditHis` DISABLE KEYS */;
INSERT INTO `CreditHis` VALUES (52,5,'登录',4,'2024-11-13 13:52:39.727','2024-11-13 13:52:39.727',0),(53,10,'签到',4,'2024-11-13 13:52:52.659','2024-11-13 13:52:52.659',0),(54,20,'点读',4,'2024-11-13 13:54:29.295','2024-11-13 13:54:29.295',0),(55,-1,'张三,13655555556',4,'2024-11-13 13:55:43.350','2024-11-13 13:55:43.350',0),(56,5,'登录',2,'2024-11-28 13:09:40.784','2024-11-28 13:09:40.784',0),(57,5,'登录',2,'2024-11-28 13:09:40.864','2024-11-28 13:09:40.864',0),(58,5,'登录',2,'2024-11-28 13:15:57.147','2024-11-28 13:15:57.147',0),(59,5,'登录',2,'2024-11-28 13:15:57.307','2024-11-28 13:15:57.307',0),(60,5,'登录',2,'2024-11-29 11:19:56.024','2024-11-29 11:19:56.024',0),(61,5,'登录',2,'2024-11-29 11:19:56.067','2024-11-29 11:19:56.067',0),(62,5,'登录',2,'2024-11-29 11:21:37.314','2024-11-29 11:21:37.314',0),(63,5,'登录',2,'2024-11-29 11:21:37.414','2024-11-29 11:21:37.414',0),(64,10,'签到',2,'2024-11-29 11:21:55.924','2024-11-29 11:21:55.924',0),(65,5,'登录',5,'2024-11-30 07:54:17.700','2024-11-30 07:54:17.700',0),(66,5,'登录',5,'2024-11-30 07:54:17.801','2024-11-30 07:54:17.801',0),(67,5,'登录',2,'2024-12-23 08:46:51.618','2024-12-23 08:46:51.618',0),(68,5,'登录',2,'2024-12-23 08:46:51.653','2024-12-23 08:46:51.653',0),(69,5,'登录',2,'2024-12-23 08:48:30.317','2024-12-23 08:48:30.317',0),(70,5,'登录',2,'2024-12-23 08:48:30.382','2024-12-23 08:48:30.382',0),(71,10,'签到',2,'2024-12-23 08:48:51.542','2024-12-23 08:48:51.542',0),(72,5,'登录',2,'2024-12-23 10:34:57.163','2024-12-23 10:34:57.163',0),(73,5,'登录',2,'2024-12-23 10:34:57.293','2024-12-23 10:34:57.293',0),(74,5,'登录',2,'2024-12-23 10:52:59.891','2024-12-23 10:52:59.891',0),(75,5,'登录',2,'2024-12-23 10:52:59.952','2024-12-23 10:52:59.952',0),(76,5,'登录',2,'2024-12-23 12:32:13.122','2024-12-23 12:32:13.122',0),(77,5,'登录',2,'2024-12-23 12:32:13.272','2024-12-23 12:32:13.272',0),(78,5,'登录',2,'2024-12-23 15:04:18.528','2024-12-23 15:04:18.528',0),(79,5,'登录',2,'2024-12-23 15:04:18.595','2024-12-23 15:04:18.595',0),(80,5,'登录',2,'2024-12-24 08:17:18.045','2024-12-24 08:17:18.045',0),(81,5,'登录',2,'2024-12-24 08:17:18.187','2024-12-24 08:17:18.187',0),(82,5,'登录',2,'2024-12-26 14:28:38.296','2024-12-26 14:28:38.296',0),(83,5,'登录',2,'2024-12-26 14:28:38.504','2024-12-26 14:28:38.504',0),(84,5,'登录',2,'2024-12-27 02:44:20.948','2024-12-27 02:44:20.948',0),(85,5,'登录',2,'2024-12-27 02:44:21.029','2024-12-27 02:44:21.029',0),(86,5,'登录',2,'2024-12-27 02:45:33.783','2024-12-27 02:45:33.783',0),(87,5,'登录',2,'2024-12-27 02:45:33.851','2024-12-27 02:45:33.851',0),(88,5,'登录',2,'2024-12-27 02:56:50.915','2024-12-27 02:56:50.915',0),(89,5,'登录',2,'2024-12-27 06:44:44.686','2024-12-27 06:44:44.686',0),(90,5,'登录',2,'2024-12-27 06:44:44.738','2024-12-27 06:44:44.738',0),(91,20,'点读',2,'2024-12-27 07:11:41.222','2024-12-27 07:11:41.222',0),(92,20,'点读',2,'2024-12-27 07:12:29.977','2024-12-27 07:12:29.977',0),(93,5,'登录',6,'2024-12-27 07:24:01.326','2024-12-27 07:24:01.326',0),(94,5,'登录',6,'2024-12-27 07:24:01.425','2024-12-27 07:24:01.425',0),(95,10,'签到',6,'2024-12-27 07:30:12.073','2024-12-27 07:30:12.073',0),(96,5,'登录',7,'2024-12-27 08:04:10.873','2024-12-27 08:04:10.873',0),(97,5,'登录',7,'2024-12-27 08:04:10.933','2024-12-27 08:04:10.933',0),(98,5,'登录',2,'2024-12-27 08:19:27.888','2024-12-27 08:19:27.888',0),(99,5,'登录',2,'2024-12-27 08:19:28.119','2024-12-27 08:19:28.119',0),(100,20,'点读',7,'2024-12-27 09:26:19.257','2024-12-27 09:26:19.257',0),(101,5,'登录',2,'2024-12-27 11:13:09.908','2024-12-27 11:13:09.908',0),(102,5,'登录',2,'2024-12-27 11:13:09.984','2024-12-27 11:13:09.984',0),(103,20,'点读',6,'2024-12-27 11:24:59.097','2024-12-27 11:24:59.097',0),(104,20,'点读',2,'2024-12-27 11:27:38.430','2024-12-27 11:27:38.430',0),(105,5,'登录',2,'2024-12-27 12:03:24.712','2024-12-27 12:03:24.712',0),(106,20,'点读',2,'2024-12-27 12:50:04.430','2024-12-27 12:50:04.430',0),(107,5,'登录',2,'2024-12-27 12:55:44.870','2024-12-27 12:55:44.870',0),(108,20,'点读',2,'2024-12-27 13:00:12.749','2024-12-27 13:00:12.749',0),(109,5,'登录',8,'2024-12-28 00:39:00.926','2024-12-28 00:39:00.926',0),(110,5,'登录',8,'2024-12-28 00:39:00.961','2024-12-28 00:39:00.961',0),(111,10,'签到',8,'2024-12-28 00:40:58.563','2024-12-28 00:40:58.563',0),(112,20,'点读',8,'2024-12-28 00:57:34.017','2024-12-28 00:57:34.017',0),(113,5,'登录',2,'2024-12-28 01:15:33.431','2024-12-28 01:15:33.431',0),(114,5,'登录',2,'2024-12-28 01:15:33.495','2024-12-28 01:15:33.495',0),(115,20,'点读',2,'2024-12-28 01:16:16.841','2024-12-28 01:16:16.841',0),(116,20,'点读',2,'2024-12-28 02:45:06.473','2024-12-28 02:45:06.473',0),(117,5,'登录',2,'2024-12-28 06:51:15.239','2024-12-28 06:51:15.239',0),(118,5,'登录',2,'2024-12-28 06:51:15.374','2024-12-28 06:51:15.374',0),(119,20,'点读',2,'2024-12-28 07:34:17.003','2024-12-28 07:34:17.003',0),(120,20,'点读',2,'2024-12-28 07:35:07.503','2024-12-28 07:35:07.503',0),(121,20,'点读',2,'2024-12-28 07:35:25.952','2024-12-28 07:35:25.952',0),(122,20,'点读',2,'2024-12-28 07:35:48.803','2024-12-28 07:35:48.803',0),(123,20,'点读',2,'2024-12-28 07:35:54.158','2024-12-28 07:35:54.158',0),(124,20,'点读',2,'2024-12-28 07:36:01.673','2024-12-28 07:36:01.673',0),(125,20,'点读',2,'2024-12-28 07:37:40.473','2024-12-28 07:37:40.473',0),(126,20,'点读',2,'2024-12-28 07:37:49.903','2024-12-28 07:37:49.903',0),(127,20,'点读',2,'2024-12-28 07:43:32.544','2024-12-28 07:43:32.544',0),(128,5,'登录',2,'2024-12-28 07:53:30.436','2024-12-28 07:53:30.436',0),(129,20,'点读',2,'2024-12-28 08:27:13.129','2024-12-28 08:27:13.129',0),(130,5,'登录',7,'2024-12-28 22:08:42.505','2024-12-28 22:08:42.505',0),(131,5,'登录',7,'2024-12-28 22:08:42.565','2024-12-28 22:08:42.565',0),(132,5,'登录',2,'2024-12-28 23:44:46.155','2024-12-28 23:44:46.155',0),(133,5,'登录',2,'2024-12-28 23:44:46.184','2024-12-28 23:44:46.184',0),(134,20,'点读',8,'2024-12-29 00:12:49.548','2024-12-29 00:12:49.548',0),(135,5,'登录',2,'2024-12-29 10:16:37.785','2024-12-29 10:16:37.785',0),(136,5,'登录',2,'2024-12-29 10:16:38.097','2024-12-29 10:16:38.097',0),(137,5,'登录',8,'2024-12-29 23:29:08.403','2024-12-29 23:29:08.403',0),(138,5,'登录',8,'2024-12-29 23:29:08.439','2024-12-29 23:29:08.439',0),(139,5,'登录',2,'2024-12-30 07:25:00.999','2024-12-30 07:25:00.999',0),(140,5,'登录',2,'2024-12-30 07:25:01.072','2024-12-30 07:25:01.072',0),(141,20,'点读',2,'2024-12-30 23:00:46.301','2024-12-30 23:00:46.301',0),(142,5,'登录',8,'2024-12-31 13:08:23.841','2024-12-31 13:08:23.841',0),(143,5,'登录',8,'2024-12-31 13:08:23.886','2024-12-31 13:08:23.886',0),(144,10,'签到',8,'2024-12-31 13:20:44.337','2024-12-31 13:20:44.337',0),(145,5,'登录',2,'2025-01-02 10:03:33.128','2025-01-02 10:03:33.128',0),(146,5,'登录',2,'2025-01-02 10:03:33.192','2025-01-02 10:03:33.192',0),(147,5,'登录',8,'2025-01-06 04:35:56.466','2025-01-06 04:35:56.466',0),(148,5,'登录',8,'2025-01-06 04:35:56.499','2025-01-06 04:35:56.499',0),(149,20,'点读',8,'2025-01-06 05:18:25.396','2025-01-06 05:18:25.396',0),(150,10,'签到',8,'2025-01-06 05:32:52.903','2025-01-06 05:32:52.903',0),(151,5,'登录',2,'2025-01-10 12:09:36.069','2025-01-10 12:09:36.069',0),(152,5,'登录',2,'2025-01-10 12:09:36.116','2025-01-10 12:09:36.116',0),(153,5,'登录',2,'2025-01-10 12:33:15.878','2025-01-10 12:33:15.878',0),(154,5,'登录',9,'2025-01-11 05:53:31.738','2025-01-11 05:53:31.738',0),(155,10,'签到',9,'2025-01-11 07:15:25.337','2025-01-11 07:15:25.337',0),(156,10,'签到',9,'2025-01-11 07:19:49.377','2025-01-11 07:19:49.377',0),(157,5,'登录',10,'2025-01-12 08:37:34.385','2025-01-12 08:37:34.385',0),(158,5,'登录',11,'2025-01-20 07:37:32.819','2025-01-20 07:37:32.819',0),(159,5,'登录',12,'2025-01-22 01:51:07.602','2025-01-22 01:51:07.602',0),(160,5,'登录',2,'2025-01-23 06:19:12.406','2025-01-23 06:19:12.406',0),(161,5,'登录',2,'2025-01-26 00:26:27.544','2025-01-26 00:26:27.544',0);
/*!40000 ALTER TABLE `CreditHis` ENABLE KEYS */;

--
-- Table structure for table `CreditShop`
--

DROP TABLE IF EXISTS `CreditShop`;
/*!40101 SET @saved_cs_client     = @@character_set_client */;
/*!50503 SET character_set_client = utf8mb4 */;
CREATE TABLE `CreditShop` (
  `id` int NOT NULL AUTO_INCREMENT,
  `name` varchar(191) COLLATE utf8mb4_unicode_ci DEFAULT NULL,
  `image` varchar(191) COLLATE utf8mb4_unicode_ci DEFAULT NULL,
  `content` varchar(191) COLLATE utf8mb4_unicode_ci DEFAULT NULL,
  `isAvailable` tinyint(1) NOT NULL DEFAULT '1',
  `delete` tinyint(1) NOT NULL DEFAULT '0',
  `createdAt` datetime(3) NOT NULL DEFAULT CURRENT_TIMESTAMP(3),
  `updatedAt` datetime(3) NOT NULL,
  `credit` int DEFAULT NULL,
  PRIMARY KEY (`id`)
) ENGINE=InnoDB AUTO_INCREMENT=4 DEFAULT CHARSET=utf8mb4 COLLATE=utf8mb4_unicode_ci;
/*!40101 SET character_set_client = @saved_cs_client */;

--
-- Dumping data for table `CreditShop`
--

/*!40000 ALTER TABLE `CreditShop` DISABLE KEYS */;
INSERT INTO `CreditShop` VALUES (1,'礼品卡2','www...','礼品卡2',1,0,'2024-11-11 02:55:07.892','2024-11-12 14:19:26.927',1),(2,'礼品卡2','www...','礼品卡2',1,0,'2024-11-11 03:33:37.205','2024-11-12 14:19:30.487',1),(3,'礼品卡','www...','礼品卡兑换',1,0,'2024-11-12 14:18:36.771','2024-11-12 14:18:36.771',1);
/*!40000 ALTER TABLE `CreditShop` ENABLE KEYS */;

--
-- Table structure for table `CreditShopHis`
--

DROP TABLE IF EXISTS `CreditShopHis`;
/*!40101 SET @saved_cs_client     = @@character_set_client */;
/*!50503 SET character_set_client = utf8mb4 */;
CREATE TABLE `CreditShopHis` (
  `id` int NOT NULL AUTO_INCREMENT,
  `ceditShopID` int NOT NULL,
  `name` varchar(191) COLLATE utf8mb4_unicode_ci DEFAULT NULL,
  `image` varchar(191) COLLATE utf8mb4_unicode_ci DEFAULT NULL,
  `content` varchar(191) COLLATE utf8mb4_unicode_ci DEFAULT NULL,
  `userId` int NOT NULL,
  `status` int NOT NULL DEFAULT '1',
  `delete` tinyint(1) NOT NULL DEFAULT '0',
  `createdAt` datetime(3) NOT NULL DEFAULT CURRENT_TIMESTAMP(3),
  `updatedAt` datetime(3) NOT NULL,
  PRIMARY KEY (`id`)
) ENGINE=InnoDB AUTO_INCREMENT=16 DEFAULT CHARSET=utf8mb4 COLLATE=utf8mb4_unicode_ci;
/*!40101 SET character_set_client = @saved_cs_client */;

--
-- Dumping data for table `CreditShopHis`
--

/*!40000 ALTER TABLE `CreditShopHis` DISABLE KEYS */;
INSERT INTO `CreditShopHis` VALUES (1,1,NULL,NULL,NULL,1,1,0,'2024-11-11 03:35:10.590','2024-11-11 03:35:10.590'),(2,1,NULL,NULL,NULL,1,1,0,'2024-11-11 04:59:37.425','2024-11-11 04:59:37.425'),(3,1,NULL,NULL,'地址手机号',1,1,0,'2024-11-11 05:00:54.204','2024-11-11 05:00:54.204'),(4,2,NULL,NULL,NULL,1,1,0,'2024-11-11 12:34:15.481','2024-11-11 12:34:15.481'),(5,2,NULL,NULL,NULL,1,1,0,'2024-11-11 12:34:15.491','2024-11-11 12:34:15.491'),(6,2,NULL,NULL,NULL,1,1,0,'2024-11-11 12:37:34.997','2024-11-11 12:37:34.997'),(7,1,NULL,NULL,NULL,1,1,0,'2024-11-11 12:40:15.665','2024-11-11 12:40:15.665'),(8,1,NULL,NULL,NULL,4,1,0,'2024-11-12 14:21:01.435','2024-11-12 14:21:01.435'),(9,2,NULL,NULL,'长宁区',4,1,0,'2024-11-12 14:31:01.957','2024-11-12 14:31:01.957'),(10,3,NULL,NULL,'11',4,1,0,'2024-11-12 14:32:49.309','2024-11-12 14:32:49.309'),(11,3,NULL,NULL,'111',4,1,0,'2024-11-12 14:35:57.110','2024-11-12 14:35:57.110'),(12,3,NULL,NULL,'9999',4,1,0,'2024-11-12 14:36:27.713','2024-11-12 14:36:27.713'),(13,3,NULL,NULL,'1',4,1,0,'2024-11-12 14:37:57.261','2024-11-12 14:37:57.261'),(14,3,NULL,NULL,'1',4,1,0,'2024-11-12 14:38:21.488','2024-11-12 14:38:21.488'),(15,1,NULL,NULL,'浦东三林',4,1,0,'2024-11-13 13:55:43.360','2024-11-13 13:55:43.360');
/*!40000 ALTER TABLE `CreditShopHis` ENABLE KEYS */;

--
-- Table structure for table `Information`
--

DROP TABLE IF EXISTS `Information`;
/*!40101 SET @saved_cs_client     = @@character_set_client */;
/*!50503 SET character_set_client = utf8mb4 */;
CREATE TABLE `Information` (
  `id` int NOT NULL AUTO_INCREMENT,
  `content` text CHARACTER SET utf8mb4 COLLATE utf8mb4_unicode_ci,
  `name` varchar(191) COLLATE utf8mb4_unicode_ci NOT NULL,
  `img` varchar(191) COLLATE utf8mb4_unicode_ci DEFAULT NULL,
  `video` varchar(191) COLLATE utf8mb4_unicode_ci DEFAULT NULL,
  `delete` tinyint(1) DEFAULT '0',
  `createdAt` datetime(3) DEFAULT CURRENT_TIMESTAMP(3),
  `updatedAt` datetime(3) DEFAULT NULL,
  `type` varchar(191) COLLATE utf8mb4_unicode_ci DEFAULT '1',
  `remark` text CHARACTER SET utf8mb4 COLLATE utf8mb4_unicode_ci,
  PRIMARY KEY (`id`)
) ENGINE=InnoDB AUTO_INCREMENT=80002 DEFAULT CHARSET=utf8mb4 COLLATE=utf8mb4_unicode_ci;
/*!40101 SET character_set_client = @saved_cs_client */;

--
-- Dumping data for table `Information`
--

/*!40000 ALTER TABLE `Information` DISABLE KEYS */;
INSERT INTO `Information` VALUES (1,'<section>     <p>习近平总书记指出：“文化自信是一个国家、一个民族发展中最基本、最深沉、最持久的力量。”没有高度的文化自信，没有文化的繁荣兴盛，就没有中华民族的伟大复兴。同时，习近平总书记指出：“我们现在是距离中华民族文化复兴最近的一个时代。我们自信起来了。”为此，我们要深刻认识和把握中华文明突出的连续性、创新性，坚持守正不守旧、尊古不复古，坚持以马克思主义真理力量激活源远流长的中华文明，推动中华优秀传统文化创造性转化、创新性发展。</p>     <p>竹简不仅是中国古代一种非常重要的书写材料，更是中国传统文化的重要组成部分。它被广泛应用于政治、文化、教育等领域，它是承载历史与文明的瑰宝。它是文化传播媒介史上的一次重要革命，对中华文化的传播起到了至关重要的作用。它的出现，才得以形成百家争鸣的文化盛况，才得以使孔子、老子等名家名流的思想和文化流传至今。</p> </section> <section>     <p>现今，仇富军先生以见证历史文化，承载璀璨中华文明的竹简为载体，以传承天人合一，遵循大道规律，和合天地四方上下的六合思想为基础，以通行经络气血，调和阴阳身心康健的点读为学习方法，发明了“六合竹简点读法”，并以此为中心创立了以爱的教育、美的教育、乐的教育、家的教育、活泼泼的教育、幸福的教育为依托的六合智慧教育思想体系。六合智慧教育思想体系的根本在于以中华优秀传统文化为核心，以坚定的文化自信为基础，正本清源、守正创新，以为国家立心，为民族立魂，为实现中华民族的伟大复兴为宗旨，为中国当代的教育助力。</p> </section> <section>     <p>为此，仇富军先生近年来行走于祖国各地，带领团队大力实践并弘扬以六合竹简点读法为核心的乃文乃武的六合智慧教育思想体系，愿为实现国家富强、民族振兴、人民幸福的中国梦而奉献自己的绵薄之力。现已有百余家幼儿园、小学、中学、高中、培训机构等初步开展了以“六合竹简点读法”为核心的六合智慧教育思想体系，并已有数十万名学生、老师、家长及社会各界人士在“六合竹简点读法”的帮助下，改善了身体的免疫力，提升了比赛的成绩，提高了学习的效率等。如果说2000多年前那一次竹简的出现是为了延续、承载中华民族的历史与文化，那么现在在习近平总书记提出“弘扬人类共同价值，共同构建人类命运共同体”这一伟大的时代背景下，以六合竹简点读法为依托的竹简的再次出现必将助力中华民族共同体故事的全球化传播。</p> </section>','习近平总书记指出：“文化自信是一个国家、一个民族发展中最基本、最深沉、最持久的力量。','1',NULL,0,'2024-11-11 19:32:52.727','2024-11-11 19:32:52.727','0',NULL),(2,'<p>一场私密的交流会，一次因材施教的教学</p> <p>对于下一个机遇的预测：抓重点，找方向，确定性，可持续发展。收获一群良师益友同路人，从“小市值成长为亿万级别”之路。</p> <img src=\"https://oss.lhdd.club/pic/article_sample_1.jpeg\" /> <p>跟着仇老师到底学习什么？</p> <p>仇老师多次强调读书不是附庸风雅，是学习思维！穷人与富人最大的差异在思维上，因为“思路决定出路，态度决定高度，格局决定结局”。</p> <img src=\"https://oss.lhdd.club/pic/article_sample_2.jpeg\" /> <p>仇老师读了四万多本书，20多年进出口贸易经验，用脚丈量世界多地。真正做到“读万卷书，行万里路”。</p> <p>仇老师最擅长读书，育人和赚钱！</p> <img src=\"https://oss.lhdd.club/pic/article_sample_3.jpeg\" /> <p>仇老师说学习是为了生活，学习是为了能赚到钱，把家养好，把父母孝敬好。</p> <p>仇老师学富五车，通过学习实现了从1570元起家到财富自由，而今想把半生所学，和几十年的读书赚钱经验教给有缘的人。</p> <p>仇老师的目标是培养600个院士级别的人才和一万个亿万富翁！</p> <p>你是否想成为那个确定要“赢”的人？</p> <img src=\"https://oss.lhdd.club/pic/article_sample_4.jpeg\" /> <p>仇老师之前分享的三气合一气即：体气+文气+才气=财气。</p> <p>财气由何而来？三气汇聚自然而生。</p> <p>功夫要落地，功夫要上身。</p> <img src=\"https://oss.lhdd.club/pic/article_sample_5.jpeg\" /> <p>课堂上，老师讲的滔滔不绝，如“黄河之水天上来”；学员们沉浸其中，如“仙人抚我顶”，豁然开朗。</p> <img src=\"https://oss.lhdd.club/pic/article_sample_6.jpeg\" /> <p>仇老师讲的都是肺腑之言，学员们听的深情投入。</p> <img src=\"https://oss.lhdd.club/pic/article_sample_7.jpeg\" /> <p>老师授课传真本领，学员们十一假期来的超值！</p> <img src=\"https://oss.lhdd.club/pic/article_sample_8.jpeg\" /> <p>各位学友，专注当下，沉醉其中！</p> <img src=\"https://oss.lhdd.club/pic/article_sample_9.jpeg\" /> <img src=\"https://oss.lhdd.club/pic/article_sample_10.jpeg\" /> <p>这个假期学员们收获满满，正能量爆棚。</p> <img src=\"https://oss.lhdd.club/pic/article_sample_11.jpeg\" /> <p>线下学习，和仇老师面对面交流是得到老师传真本领的机会，能接收老师的高能量，真智慧，打开思维的大门。</p> <p>让我们相约下一期仇老师线下课，跟着老师长期熏习，改变思维方式，改变命运。</p>','财富尊享会 国庆智慧班','2',NULL,0,'2024-11-11 19:32:52.727','2024-11-11 19:32:52.727','0',NULL),(3,'<section>     <p>习近平总书记指出：“文化自信是一个国家、一个民族发展中最基本、最深沉、最持久的力量。”没有高度的文化自信，没有文化的繁荣兴盛，就没有中华民族的伟大复兴。同时，习近平总书记指出：“我们现在是距离中华民族文化复兴最近的一个时代。我们自信起来了。”为此，我们要深刻认识和把握中华文明突出的连续性、创新性，坚持守正不守旧、尊古不复古，坚持以马克思主义真理力量激活源远流长的中华文明，推动中华优秀传统文化创造性转化、创新性发展。</p>     <p>竹简不仅是中国古代一种非常重要的书写材料，更是中国传统文化的重要组成部分。它被广泛应用于政治、文化、教育等领域，它是承载历史与文明的瑰宝。它是文化传播媒介史上的一次重要革命，对中华文化的传播起到了至关重要的作用。它的出现，才得以形成百家争鸣的文化盛况，才得以使孔子、老子等名家名流的思想和文化流传至今。</p> </section> <section>     <p>现今，仇富军先生以见证历史文化，承载璀璨中华文明的竹简为载体，以传承天人合一，遵循大道规律，和合天地四方上下的六合思想为基础，以通行经络气血，调和阴阳身心康健的点读为学习方法，发明了“六合竹简点读法”，并以此为中心创立了以爱的教育、美的教育、乐的教育、家的教育、活泼泼的教育、幸福的教育为依托的六合智慧教育思想体系。六合智慧教育思想体系的根本在于以中华优秀传统文化为核心，以坚定的文化自信为基础，正本清源、守正创新，以为国家立心，为民族立魂，为实现中华民族的伟大复兴为宗旨，为中国当代的教育助力。</p> </section> <section>     <p>为此，仇富军先生近年来行走于祖国各地，带领团队大力实践并弘扬以六合竹简点读法为核心的乃文乃武的六合智慧教育思想体系，愿为实现国家富强、民族振兴、人民幸福的中国梦而奉献自己的绵薄之力。现已有百余家幼儿园、小学、中学、高中、培训机构等初步开展了以“六合竹简点读法”为核心的六合智慧教育思想体系，并已有数十万名学生、老师、家长及社会各界人士在“六合竹简点读法”的帮助下，改善了身体的免疫力，提升了比赛的成绩，提高了学习的效率等。如果说2000多年前那一次竹简的出现是为了延续、承载中华民族的历史与文化，那么现在在习近平总书记提出“弘扬人类共同价值，共同构建人类命运共同体”这一伟大的时代背景下，以六合竹简点读法为依托的竹简的再次出现必将助力中华民族共同体故事的全球化传播。</p> </section>','习近平总书记指出：“文化自信是一个国家、一个民族发展中最基本、最深沉、最持久的力量。','3',NULL,0,'2024-11-11 19:32:52.727','2024-11-11 19:32:52.727','0',NULL),(4,'<p>一场私密的交流会，一次因材施教的教学</p> <p>对于下一个机遇的预测：抓重点，找方向，确定性，可持续发展。收获一群良师益友同路人，从“小市值成长为亿万级别”之路。</p> <img src=\"https://oss.lhdd.club/pic/article_sample_1.jpeg\" /> <p>跟着仇老师到底学习什么？</p> <p>仇老师多次强调读书不是附庸风雅，是学习思维！穷人与富人最大的差异在思维上，因为“思路决定出路，态度决定高度，格局决定结局”。</p> <img src=\"https://oss.lhdd.club/pic/article_sample_2.jpeg\" /> <p>仇老师读了四万多本书，20多年进出口贸易经验，用脚丈量世界多地。真正做到“读万卷书，行万里路”。</p> <p>仇老师最擅长读书，育人和赚钱！</p> <img src=\"https://oss.lhdd.club/pic/article_sample_3.jpeg\" /> <p>仇老师说学习是为了生活，学习是为了能赚到钱，把家养好，把父母孝敬好。</p> <p>仇老师学富五车，通过学习实现了从1570元起家到财富自由，而今想把半生所学，和几十年的读书赚钱经验教给有缘的人。</p> <p>仇老师的目标是培养600个院士级别的人才和一万个亿万富翁！</p> <p>你是否想成为那个确定要“赢”的人？</p> <img src=\"https://oss.lhdd.club/pic/article_sample_4.jpeg\" /> <p>仇老师之前分享的三气合一气即：体气+文气+才气=财气。</p> <p>财气由何而来？三气汇聚自然而生。</p> <p>功夫要落地，功夫要上身。</p> <img src=\"https://oss.lhdd.club/pic/article_sample_5.jpeg\" /> <p>课堂上，老师讲的滔滔不绝，如“黄河之水天上来”；学员们沉浸其中，如“仙人抚我顶”，豁然开朗。</p> <img src=\"https://oss.lhdd.club/pic/article_sample_6.jpeg\" /> <p>仇老师讲的都是肺腑之言，学员们听的深情投入。</p> <img src=\"https://oss.lhdd.club/pic/article_sample_7.jpeg\" /> <p>老师授课传真本领，学员们十一假期来的超值！</p> <img src=\"https://oss.lhdd.club/pic/article_sample_8.jpeg\" /> <p>各位学友，专注当下，沉醉其中！</p> <img src=\"https://oss.lhdd.club/pic/article_sample_9.jpeg\" /> <img src=\"https://oss.lhdd.club/pic/article_sample_10.jpeg\" /> <p>这个假期学员们收获满满，正能量爆棚。</p> <img src=\"https://oss.lhdd.club/pic/article_sample_11.jpeg\" /> <p>线下学习，和仇老师面对面交流是得到老师传真本领的机会，能接收老师的高能量，真智慧，打开思维的大门。</p> <p>让我们相约下一期仇老师线下课，跟着老师长期熏习，改变思维方式，改变命运。</p>','财富尊享会 国庆智慧班','4',NULL,0,'2024-11-11 19:32:52.727','2024-11-11 19:32:52.727','0',NULL),(5,'<section>     <p>习近平总书记指出：“文化自信是一个国家、一个民族发展中最基本、最深沉、最持久的力量。”没有高度的文化自信，没有文化的繁荣兴盛，就没有中华民族的伟大复兴。同时，习近平总书记指出：“我们现在是距离中华民族文化复兴最近的一个时代。我们自信起来了。”为此，我们要深刻认识和把握中华文明突出的连续性、创新性，坚持守正不守旧、尊古不复古，坚持以马克思主义真理力量激活源远流长的中华文明，推动中华优秀传统文化创造性转化、创新性发展。</p>     <p>竹简不仅是中国古代一种非常重要的书写材料，更是中国传统文化的重要组成部分。它被广泛应用于政治、文化、教育等领域，它是承载历史与文明的瑰宝。它是文化传播媒介史上的一次重要革命，对中华文化的传播起到了至关重要的作用。它的出现，才得以形成百家争鸣的文化盛况，才得以使孔子、老子等名家名流的思想和文化流传至今。</p> </section> <section>     <p>现今，仇富军先生以见证历史文化，承载璀璨中华文明的竹简为载体，以传承天人合一，遵循大道规律，和合天地四方上下的六合思想为基础，以通行经络气血，调和阴阳身心康健的点读为学习方法，发明了“六合竹简点读法”，并以此为中心创立了以爱的教育、美的教育、乐的教育、家的教育、活泼泼的教育、幸福的教育为依托的六合智慧教育思想体系。六合智慧教育思想体系的根本在于以中华优秀传统文化为核心，以坚定的文化自信为基础，正本清源、守正创新，以为国家立心，为民族立魂，为实现中华民族的伟大复兴为宗旨，为中国当代的教育助力。</p> </section> <section>     <p>为此，仇富军先生近年来行走于祖国各地，带领团队大力实践并弘扬以六合竹简点读法为核心的乃文乃武的六合智慧教育思想体系，愿为实现国家富强、民族振兴、人民幸福的中国梦而奉献自己的绵薄之力。现已有百余家幼儿园、小学、中学、高中、培训机构等初步开展了以“六合竹简点读法”为核心的六合智慧教育思想体系，并已有数十万名学生、老师、家长及社会各界人士在“六合竹简点读法”的帮助下，改善了身体的免疫力，提升了比赛的成绩，提高了学习的效率等。如果说2000多年前那一次竹简的出现是为了延续、承载中华民族的历史与文化，那么现在在习近平总书记提出“弘扬人类共同价值，共同构建人类命运共同体”这一伟大的时代背景下，以六合竹简点读法为依托的竹简的再次出现必将助力中华民族共同体故事的全球化传播。</p> </section>','习近平总书记指出：“文化自信是一个国家、一个民族发展中最基本、最深沉、最持久的力量。','5',NULL,0,'2024-11-11 19:32:52.727','2024-11-11 19:32:52.727','0',NULL),(10001,'1,41,湖北省·武汉市,导学师','张雅悦','100',NULL,0,'2024-11-11 19:32:52.727','2024-11-11 19:32:52.727','1','六合教育导学师<br />专业教师团队，助力学生全面成长'),(10002,'1,52,湖北省·武汉市,导学师','周敏','101',NULL,0,'2024-11-11 19:32:52.727','2024-11-11 19:32:52.727','1','六合教育导学师<br />专业教师团队，助力学生全面成长'),(10003,'1,45,广东省·深圳市,导学师','殷丽娜','100',NULL,0,'2024-11-11 19:32:52.727','2024-11-11 19:32:52.727','1','六合教育导学师<br />专业教师团队，助力学生全面成长'),(10004,'1,43,河南省·郑州市,导学师','张晴','100',NULL,0,'2024-11-11 19:32:52.727','2024-11-11 19:32:52.727','1','六合教育导学师<br />专业教师团队，助力学生全面成长'),(10005,'1,49,四川省·成都市·青羊区,导学师','徐驰','101',NULL,0,'2024-11-11 19:32:52.727','2024-11-11 19:32:52.727','1','六合教育导学师<br />专业教师团队，助力学生全面成长'),(10006,'1,49,河南省·安阳市,导学师','杨爱芬','101',NULL,0,'2024-11-11 19:32:52.727','2024-11-11 19:32:52.727','1','六合教育导学师<br />专业教师团队，助力学生全面成长'),(20001,'重庆市南岸区','授权机构, 重庆宜心深耕教育科技有限公司','201',NULL,0,'2024-11-11 19:32:52.727','2024-11-11 19:32:52.727','2','李楠,100,重庆市南岸区,冯晓娅,15922680397'),(20002,'河南省驻马店市驿城区','学校,驻马店市驿城区新天地幼儿园','202',NULL,0,'2024-11-11 19:32:52.727','2024-11-11 19:32:52.727','2','关中超,5,河南省驻马店市驿城区,关丰一,18039631787'),(20003,'贵港市港北区','学校,贵港市港北区晟德幼儿园','202',NULL,0,'2024-11-11 19:32:52.727','2024-11-11 19:32:52.727','2','梁海胡,3,贵港市港北区,梁海胡,15347839943'),(20004,'吉林省辽源市东丰县','培训机构,吉林省家和文化交流活动有限公司','201',NULL,0,'2024-11-11 19:32:52.727','2024-11-11 19:32:52.727','2','张霞,50,吉林省辽源市东丰县,刘桂梅,18943772933'),(20005,'广西省玉林市玉州区','学校,玉林市玉州区明华小学','202',NULL,0,'2024-11-11 19:32:52.727','2024-11-11 19:32:52.727','2','李奇峰,20,广西省玉林市玉州区,卢家华,13977538398'),(20006,'湖南省株洲市石峰区','学校,株洲市石峰区金桥幼儿园','202',NULL,0,'2024-11-11 19:32:52.727','2024-11-11 19:32:52.727','2','杨爱连,3,湖南省株洲市石峰区,杨爱连,13873369917'),(20007,'四川省自贡市大安区','学校,自贡市大安区育才幼儿园','202',NULL,0,'2024-11-11 19:32:52.727','2024-11-11 19:32:52.727','2','尤群英,10,四川省自贡市大安区,尤群英,13990096764'),(30001,'李老师,PPT','《青梅竹马・第二期回顾》','1',NULL,0,'2024-11-11 19:32:52.727','2024-11-11 19:32:52.727','3','https://oss.lhdd.club/pdf/mobile.demo.pdf'),(30002,'王老师,PPT','《两小无猜・第六期回顾》','2',NULL,0,'2024-11-11 19:32:52.727','2024-11-11 19:32:52.727','3','https://oss.lhdd.club/pdf/mobile.demo.pdf'),(30003,'赵老师,PPT','《童叟无欺・第三期回顾》','4',NULL,0,'2024-11-11 19:32:52.727','2024-11-11 19:32:52.727','3','https://oss.lhdd.club/pdf/solution.beta.pdf'),(50001,'叶师傅,一步一拳功夫意念要专心','叶问宗师','1',NULL,0,'2024-11-11 19:32:52.727','2024-11-11 19:32:52.727','5','一步一拳功夫意念要专心 靠肘取中线标准熟记方得真 桥手相博刚中柔 圈马径手拳亦重 用那标指制敌穷 若有胆气便建功'),(50002,'金师傅,靠肘取中线标准熟记方得真','金山找','3',NULL,0,'2024-11-11 19:32:52.727','2024-11-11 19:32:52.727','5','一步一拳功夫意念要专心 靠肘取中线标准熟记方得真 桥手相博刚中柔 圈马径手拳亦重 用那标指制敌穷 若有胆气便建功'),(50003,'华英雄,书到用时方恨少，柳暗花明又一村','舌尖上的六合','5',NULL,0,'2024-11-11 19:32:52.727','2024-11-11 19:32:52.727','5','一步一拳功夫意念要专心 靠肘取中线标准熟记方得真 桥手相博刚中柔 圈马径手拳亦重 用那标指制敌穷 若有胆气便建功'),(60001,'陈师傅,PDF','钢铁是怎样炼成的','1',NULL,0,'2024-11-11 19:32:52.727','2024-11-11 19:32:52.727','6','太极生两仪，两仪生四象，四象生八卦，八卦定吉凶，吉凶生大业。'),(60002,'王师傅,PPT','自己的事情自己做','4',NULL,0,'2024-11-11 19:32:52.727','2024-11-11 19:32:52.727','6','太极生两仪，两仪生四象，四象生八卦，八卦定吉凶，吉凶生大业。'),(60003,'毛师傅,PPT','妈妈的事情抢着做','5',NULL,0,'2024-11-11 19:32:52.727','2024-11-11 19:32:52.727','6','太极生两仪，两仪生四象，四象生八卦，八卦定吉凶，吉凶生大业。'),(70001,'张老师,回顾','《点读帮助我走出阴霾》','1',NULL,0,'2024-11-11 19:32:52.727','2024-11-11 19:32:52.727','7','太极生两仪，两仪生四象，四象生八卦，八卦定吉凶，吉凶生大业。'),(80001,'李老师,教学','《仇氏点读指法教学第一课》','2',NULL,0,'2024-11-11 19:32:52.727','2024-11-11 19:32:52.727','8','太极生两仪，两仪生四象，四象生八卦，八卦定吉凶，吉凶生大业。');
/*!40000 ALTER TABLE `Information` ENABLE KEYS */;

--
-- Table structure for table `Landing`
--

DROP TABLE IF EXISTS `Landing`;
/*!40101 SET @saved_cs_client     = @@character_set_client */;
/*!50503 SET character_set_client = utf8mb4 */;
CREATE TABLE `Landing` (
  `id` int NOT NULL AUTO_INCREMENT,
  `content` json NOT NULL,
  `name` varchar(191) COLLATE utf8mb4_unicode_ci NOT NULL,
  `type` int NOT NULL DEFAULT '1',
  `delete` tinyint(1) NOT NULL DEFAULT '0',
  `createdAt` datetime(3) NOT NULL DEFAULT CURRENT_TIMESTAMP(3),
  `updatedAt` datetime(3) NOT NULL,
  PRIMARY KEY (`id`)
) ENGINE=InnoDB DEFAULT CHARSET=utf8mb4 COLLATE=utf8mb4_unicode_ci;
/*!40101 SET character_set_client = @saved_cs_client */;

--
-- Dumping data for table `Landing`
--

/*!40000 ALTER TABLE `Landing` DISABLE KEYS */;
/*!40000 ALTER TABLE `Landing` ENABLE KEYS */;

--
-- Table structure for table `Material`
--

DROP TABLE IF EXISTS `Material`;
/*!40101 SET @saved_cs_client     = @@character_set_client */;
/*!50503 SET character_set_client = utf8mb4 */;
CREATE TABLE `Material` (
  `id` int NOT NULL AUTO_INCREMENT,
  `url` varchar(191) COLLATE utf8mb4_unicode_ci NOT NULL,
  `link` varchar(191) COLLATE utf8mb4_unicode_ci DEFAULT NULL,
  `name` varchar(191) COLLATE utf8mb4_unicode_ci NOT NULL,
  `content` varchar(191) COLLATE utf8mb4_unicode_ci DEFAULT NULL,
  `type` int NOT NULL DEFAULT '1',
  `delete` tinyint(1) NOT NULL DEFAULT '0',
  `createdAt` datetime(3) NOT NULL DEFAULT CURRENT_TIMESTAMP(3),
  `updatedAt` datetime(3) NOT NULL,
  PRIMARY KEY (`id`)
) ENGINE=InnoDB AUTO_INCREMENT=203 DEFAULT CHARSET=utf8mb4 COLLATE=utf8mb4_unicode_ci;
/*!40101 SET character_set_client = @saved_cs_client */;

--
-- Dumping data for table `Material`
--

/*!40000 ALTER TABLE `Material` DISABLE KEYS */;
INSERT INTO `Material` VALUES (1,'https://oss.lhdd.club/banner_1.webp','https://oss.lhdd.club/banner_1.webp','article_1',NULL,1,0,'2024-11-11 19:43:12.000','2024-11-11 19:43:12.000'),(2,'https://oss.lhdd.club/banner_2.webp','https://oss.lhdd.club/banner_2.webp','article_2',NULL,1,0,'2024-11-11 19:43:12.000','2024-11-11 19:43:12.000'),(3,'https://oss.lhdd.club/banner_3.webp','https://oss.lhdd.club/banner_3.webp','article_3',NULL,1,0,'2024-11-11 19:43:12.000','2024-11-11 19:43:12.000'),(4,'https://oss.lhdd.club/banner_4.webp','https://oss.lhdd.club/banner_4.webp','article_4',NULL,1,0,'2024-11-11 19:43:12.000','2024-11-11 19:43:12.000'),(5,'https://oss.lhdd.club/banner_5.webp','https://oss.lhdd.club/banner_5.webp','article_5',NULL,1,0,'2024-11-11 19:43:12.000','2024-11-11 19:43:12.000'),(100,'https://oss.lhdd.club/avatar_male.png','https://oss.lhdd.club/avatar_male.png','avatar_male',NULL,1,0,'2024-11-11 19:43:12.000','2024-11-11 19:43:12.000'),(101,'https://oss.lhdd.club/avatar_female.png','https://oss.lhdd.club/avatar_female.png','avatar_female',NULL,1,0,'2024-11-11 19:43:12.000','2024-11-11 19:43:12.000'),(201,'https://oss.lhdd.club/icon_organization.png','https://oss.lhdd.club/icon_organization.png','organization',NULL,1,0,'2024-11-11 19:43:12.000','2024-11-11 19:43:12.000'),(202,'https://oss.lhdd.club/icon_school.png','https://oss.lhdd.club/icon_school.png','school',NULL,1,0,'2024-11-11 19:43:12.000','2024-11-11 19:43:12.000');
/*!40000 ALTER TABLE `Material` ENABLE KEYS */;

--
-- Table structure for table `Permission`
--

DROP TABLE IF EXISTS `Permission`;
/*!40101 SET @saved_cs_client     = @@character_set_client */;
/*!50503 SET character_set_client = utf8mb4 */;
CREATE TABLE `Permission` (
  `id` int NOT NULL AUTO_INCREMENT,
  `name` varchar(191) COLLATE utf8mb4_unicode_ci NOT NULL DEFAULT '',
  `description` varchar(191) COLLATE utf8mb4_unicode_ci DEFAULT NULL,
  `createdAt` datetime(3) NOT NULL DEFAULT CURRENT_TIMESTAMP(3),
  `delete` tinyint(1) NOT NULL DEFAULT '0',
  `updatedAt` datetime(3) NOT NULL,
  PRIMARY KEY (`id`)
) ENGINE=InnoDB DEFAULT CHARSET=utf8mb4 COLLATE=utf8mb4_unicode_ci;
/*!40101 SET character_set_client = @saved_cs_client */;

--
-- Dumping data for table `Permission`
--

/*!40000 ALTER TABLE `Permission` DISABLE KEYS */;
/*!40000 ALTER TABLE `Permission` ENABLE KEYS */;

--
-- Table structure for table `Role`
--

DROP TABLE IF EXISTS `Role`;
/*!40101 SET @saved_cs_client     = @@character_set_client */;
/*!50503 SET character_set_client = utf8mb4 */;
CREATE TABLE `Role` (
  `id` int NOT NULL AUTO_INCREMENT,
  `name` varchar(191) COLLATE utf8mb4_unicode_ci NOT NULL DEFAULT '',
  `description` varchar(191) COLLATE utf8mb4_unicode_ci DEFAULT NULL,
  `permissionId` varchar(191) COLLATE utf8mb4_unicode_ci DEFAULT NULL,
  `createdAt` datetime(3) NOT NULL DEFAULT CURRENT_TIMESTAMP(3),
  `delete` tinyint(1) NOT NULL DEFAULT '0',
  `updatedAt` datetime(3) NOT NULL,
  PRIMARY KEY (`id`)
) ENGINE=InnoDB DEFAULT CHARSET=utf8mb4 COLLATE=utf8mb4_unicode_ci;
/*!40101 SET character_set_client = @saved_cs_client */;

--
-- Dumping data for table `Role`
--

/*!40000 ALTER TABLE `Role` DISABLE KEYS */;
/*!40000 ALTER TABLE `Role` ENABLE KEYS */;

--
-- Table structure for table `School`
--

DROP TABLE IF EXISTS `School`;
/*!40101 SET @saved_cs_client     = @@character_set_client */;
/*!50503 SET character_set_client = utf8mb4 */;
CREATE TABLE `School` (
  `id` int NOT NULL AUTO_INCREMENT,
  `type` varchar(191) COLLATE utf8mb4_unicode_ci NOT NULL,
  `name` varchar(191) COLLATE utf8mb4_unicode_ci NOT NULL,
  `city` varchar(191) COLLATE utf8mb4_unicode_ci DEFAULT NULL,
  `province` varchar(191) COLLATE utf8mb4_unicode_ci DEFAULT NULL,
  `nature` varchar(191) COLLATE utf8mb4_unicode_ci NOT NULL,
  `school_type` varchar(191) COLLATE utf8mb4_unicode_ci NOT NULL,
  `delete` tinyint(1) NOT NULL DEFAULT '0',
  `createdAt` datetime(3) NOT NULL DEFAULT CURRENT_TIMESTAMP(3),
  `updatedAt` datetime(3) NOT NULL,
  `area` varchar(191) COLLATE utf8mb4_unicode_ci NOT NULL,
  `content` varchar(191) COLLATE utf8mb4_unicode_ci DEFAULT NULL,
  `img` varchar(191) COLLATE utf8mb4_unicode_ci DEFAULT NULL,
  PRIMARY KEY (`id`)
) ENGINE=InnoDB DEFAULT CHARSET=utf8mb4 COLLATE=utf8mb4_unicode_ci;
/*!40101 SET character_set_client = @saved_cs_client */;

--
-- Dumping data for table `School`
--

/*!40000 ALTER TABLE `School` DISABLE KEYS */;
/*!40000 ALTER TABLE `School` ENABLE KEYS */;

--
-- Table structure for table `Teach`
--

DROP TABLE IF EXISTS `Teach`;
/*!40101 SET @saved_cs_client     = @@character_set_client */;
/*!50503 SET character_set_client = utf8mb4 */;
CREATE TABLE `Teach` (
  `id` int NOT NULL AUTO_INCREMENT,
  `type` varchar(191) COLLATE utf8mb4_unicode_ci NOT NULL,
  `name` varchar(191) COLLATE utf8mb4_unicode_ci NOT NULL,
  `avatar` varchar(191) COLLATE utf8mb4_unicode_ci NOT NULL,
  `age` varchar(191) COLLATE utf8mb4_unicode_ci NOT NULL,
  `city` varchar(191) COLLATE utf8mb4_unicode_ci DEFAULT NULL,
  `province` varchar(191) COLLATE utf8mb4_unicode_ci DEFAULT NULL,
  `gender` varchar(191) COLLATE utf8mb4_unicode_ci NOT NULL,
  `video` varchar(191) COLLATE utf8mb4_unicode_ci DEFAULT NULL,
  `delete` tinyint(1) NOT NULL DEFAULT '0',
  `createdAt` datetime(3) NOT NULL DEFAULT CURRENT_TIMESTAMP(3),
  `updatedAt` datetime(3) NOT NULL,
  `area` varchar(191) COLLATE utf8mb4_unicode_ci NOT NULL,
  `content` varchar(191) COLLATE utf8mb4_unicode_ci DEFAULT NULL,
  PRIMARY KEY (`id`)
) ENGINE=InnoDB DEFAULT CHARSET=utf8mb4 COLLATE=utf8mb4_unicode_ci;
/*!40101 SET character_set_client = @saved_cs_client */;

--
-- Dumping data for table `Teach`
--

/*!40000 ALTER TABLE `Teach` DISABLE KEYS */;
/*!40000 ALTER TABLE `Teach` ENABLE KEYS */;

--
-- Table structure for table `Tips`
--

DROP TABLE IF EXISTS `Tips`;
/*!40101 SET @saved_cs_client     = @@character_set_client */;
/*!50503 SET character_set_client = utf8mb4 */;
CREATE TABLE `Tips` (
  `id` int NOT NULL AUTO_INCREMENT,
  `content` varchar(191) COLLATE utf8mb4_unicode_ci NOT NULL,
  `name` varchar(191) COLLATE utf8mb4_unicode_ci NOT NULL,
  `img` varchar(191) COLLATE utf8mb4_unicode_ci NOT NULL,
  `video` varchar(191) COLLATE utf8mb4_unicode_ci DEFAULT NULL,
  `delete` tinyint(1) NOT NULL DEFAULT '0',
  `createdAt` datetime(3) NOT NULL DEFAULT CURRENT_TIMESTAMP(3),
  `updatedAt` datetime(3) NOT NULL,
  PRIMARY KEY (`id`)
) ENGINE=InnoDB AUTO_INCREMENT=116 DEFAULT CHARSET=utf8mb4 COLLATE=utf8mb4_unicode_ci;
/*!40101 SET character_set_client = @saved_cs_client */;

--
-- Dumping data for table `Tips`
--

/*!40000 ALTER TABLE `Tips` DISABLE KEYS */;
INSERT INTO `Tips` VALUES (1,'我们要相信相信的力量，相信不相信的力量，也要相信不可相信的力量。','六合教育','1',NULL,0,'2024-11-11 21:43:48.000','2024-11-11 21:43:48.000'),(2,'没有慧根就要会跟，有了慧根更要会跟，只有跟随才能获得精髓。','六合教育','1',NULL,0,'2024-11-11 21:43:48.000','2024-11-11 21:43:48.000'),(3,'愚以为：教育应该是爱的教育，美的教育，乐的教育，家的教育，活泼泼的教育，幸福的教育。能持续引发一个人无限的兴趣并唤起他内心深处无比强大的能量，永久性的自发自动生长，随时都可以进入激情澎湃的状态，并随处实践此种奥秘而乐此不疲，玩索开心而永无止境。','六合教育','1',NULL,0,'2024-11-11 21:43:48.000','2024-11-11 21:43:48.000'),(4,'打开智慧的六合读书方法，致各位老师：读书时需立姿或坐姿端正、口齿清晰、声音宏亮、由慢到快。先求准确、后求速度、循序渐进、持之以恒，随着文章遍数的增加，口速逐步加快，读到从来不用想起，永远不会忘记为止，可以终生随时、随机取用。','六合教育','1',NULL,0,'2024-11-11 21:43:48.000','2024-11-11 21:43:48.000'),(5,'如何学习本人原创发明的“六合竹简点读法”？唯一的事情，简单到不能再简单，简单到极致，简单到粗暴，简单到不讲道理：听话、照做！眼睛看到位，手指点到位，嘴巴读到位。眼、耳、鼻、舌、身、意同步到位，聚精会神。遍数足够多，人人都能践行大道至简。 ','六合教育','1',NULL,0,'2024-11-11 21:43:48.000','2024-11-11 21:43:48.000'),(6,'点读或朗读的时候，首推“境”：在学校或家里首先要选择灯光亮堂的地方，光线的颜色以接近太阳光为好。要窗明几净，眼净、口净、手净、身净、心净、意净、干干净净；并怀一份恭敬心、诚敬心如法点读方能得静。','六合教育','1',NULL,0,'2024-11-11 21:43:48.000','2024-11-11 21:43:48.000'),(7,'“六合竹简点读法”可以统摄人的眼、耳、鼻、舌、身、意六根。点读时应以欢喜之心享受这个过程，内心不想任何杂事（家庭、事业、学业等全然放下）。气定神闲、形端表正、身姿凝然、一心一意、万里一空。','六合教育','1',NULL,0,'2024-11-11 21:43:48.000','2024-11-11 21:43:48.000'),(8,'点读时需吐气清晰、行腔自然、从容不迫、顺畅如流、高而不尖、低而不浊、顿挫有致、抑扬有法、铿锵有力、轻重缓急、富有节奏。似海燕在苍茫的大海上翱翔；似雄鹰在蔚蓝的长空中搏击；似骏马在辽阔的草原上驰骋。随心所欲、气象万千。似气势磅薄的瀑布在悬崖峭壁间飞流直下；又似天台四明的山脉在连绵起伏间曲折蜿蜒。','六合教育','1',NULL,0,'2024-11-11 21:43:48.000','2024-11-11 21:43:48.000'),(9,'对于点读，理解了要执行，不理解也要执行，在执行中加深理解，在理解中加深执行。','六合教育','1',NULL,0,'2024-11-11 21:43:48.000','2024-11-11 21:43:48.000'),(10,'点读、点读，关键是点，关键是要点。不要“蜻蜓点水”，要“点到为止”，这样才能“一点就通”。古人早就告诉我们：点石成金、指点江山。','六合教育','1',NULL,0,'2024-11-11 21:43:48.000','2024-11-11 21:43:48.000'),(11,'“六合竹简点读法”是“不射之射”，是无用之用，方为大用。','六合教育','1',NULL,0,'2024-11-11 21:43:48.000','2024-11-11 21:43:48.000'),(12,'“六合竹简点读法”的“精、气、神”：精，精选教材、惟精惟一；气，培养志气、才气、正气；神，聚精会神、有如神助。','六合教育','1',NULL,0,'2024-11-11 21:43:48.000','2024-11-11 21:43:48.000'),(13,'“六合竹简点读法”能提高免疫力，训练专注力，培养学习力，发展记忆力，增强理解力，丰富想象力，激发创造力，强化执行力，磨炼意志力，提升竞争力，诠释生命力。','六合教育','1',NULL,0,'2024-11-11 21:43:48.000','2024-11-11 21:43:48.000'),(14,'大道至简，始于竹下。点读会让你全身充满力量，酣畅淋漓又意犹未尽，此等感觉，实在妙哉、妙哉！','六合教育','1',NULL,0,'2024-11-11 21:43:48.000','2024-11-11 21:43:48.000'),(15,'我们点读是借助古人的智慧，通过手指点读竹简这个媒介，使得我们的智慧与古人的智慧互相对接与联通，并直接转化为我们的心智能量。点读的遍数越多，我们获得的智慧就越多。','六合教育','1',NULL,0,'2024-11-11 21:43:48.000','2024-11-11 21:43:48.000'),(16,'大家点读后一定要多写心得体会，最好每天写篇体会，哪怕只是一小段话。这个一小段话，只要不少于20个字就可以了。这样365天就有365篇，这样在不知不觉中就学会了写作文、写文章。','六合教育','1',NULL,0,'2024-11-11 21:43:48.000','2024-11-11 21:43:48.000'),(17,'致各位老师：我们点读是输入，写心得是输出。内外兼修、日练月练、积沙成塔、集腋成裘、久久为功，先从二十个字开始！','六合教育','1',NULL,0,'2024-11-11 21:43:48.000','2024-11-11 21:43:48.000'),(18,'欲教学子文气文笔，真枪实干从己做起。看似点简实点自己，天动地静男动女静。点开思维点出智慧，回归清明呈现真己！','六合教育','1',NULL,0,'2024-11-11 21:43:48.000','2024-11-11 21:43:48.000'),(19,'写心得体会是很重要的，孔子曰：“学而时习之，不亦说乎？”孟子曰：“心之官则思，思则得之，不思则不得也。”写心得既是对老师“传”的“习”，也是对自己“习”的“说”，更是对自己“思”的“得”。写心得才能更好地使你学有所得，学有所悟，所悟内化于心。','六合教育','1',NULL,0,'2024-11-11 21:43:48.000','2024-11-11 21:43:48.000'),(20,'“六合竹简点读法”花了我无数的心血，有人问我：“你为什么要发明点读法？”我说：“为人民服务。”','六合教育','1',NULL,0,'2024-11-11 21:43:48.000','2024-11-11 21:43:48.000'),(21,'点读是否需要日日点、月月点、年年点？如果你想持续获得智慧，如同人需要一日三餐，手机需要每天充电，汽车需要经常加油，以此来补充各自消耗掉的能量。','六合教育','1',NULL,0,'2024-11-11 21:43:48.000','2024-11-11 21:43:48.000'),(22,'通过六合竹简点读法，每天坚持1到3个小时，一年、两年或者三年后，能极大地拓展孩子的记忆力，能使其记忆能力提升10倍、50倍乃至100倍，使其具有过目不忘的本领。那时候，所有的书只要看过就能记住，这才是真正的包本。此“包本”跟彼“包本”是有本质区别的。','六合教育','1',NULL,0,'2024-11-11 21:43:48.000','2024-11-11 21:43:48.000'),(23,'日拱一卒是最最重要的，不忮不求、不贪不欠，我们一点一点地进步，但是很多人都是急功近利、好高骛远。其实，经过我这么多年的潜心研究，只要能够把《诫子书》和《诫外甥书》分成三个阶段：第一阶段是3000遍，第二阶段是6000遍，第三阶段是10000遍，就可以让一个人的所有思维发生颠覆性的变化。人的成功，主要靠好的思维模式的确立。','六合教育','1',NULL,0,'2024-11-11 21:43:48.000','2024-11-11 21:43:48.000'),(24,'点读要点出美，读书也要读出美。点点是美，滴滴是美，在在处处是美。','六合教育','1',NULL,0,'2024-11-11 21:43:48.000','2024-11-11 21:43:48.000'),(25,'古人有云：书读百遍，其意自现。那我们就将好书读上一百遍、五百遍，甚至一千遍，那我们还能忘了嘛？你想忘都忘不掉！书读百遍，其意自现。书读万遍，内化于心。“万般皆下品，唯有读书高。”若要会读书，唯有扎实读。','六合教育','1',NULL,0,'2024-11-11 21:43:48.000','2024-11-11 21:43:48.000'),(26,'读书有个诀窍就是一句不通不读第二句，这个很重要。','六合教育','1',NULL,0,'2024-11-11 21:43:48.000','2024-11-11 21:43:48.000'),(27,'论扎实与遍数的问题：什么是扎实？扎到实处，扎到准处，扎到心灵深处。像一把长枪，把头深深地扎入木板中；像一棵大树，把根深深地扎进土壤里；像我们读书，把书中的知识深深地扎根于我们的脑海中。','六合教育','1',NULL,0,'2024-11-11 21:43:48.000','2024-11-11 21:43:48.000'),(28,'我们为什么要一遍又一遍地朗读同一篇文章？为的是一本正经，一门深入；为的是让书中的智慧，能随时、随处地被我们应用于生活之中。因为有了遍数，才能产生变数。','六合教育','1',NULL,0,'2024-11-11 21:43:48.000','2024-11-11 21:43:48.000'),(29,'读书的时候一定要心、眼、口、手同步协调，一个是同步，第二个是协调。读书要读出味道来，要读出感觉来，要读出书中字里行间的满腔热血与情怀，要读到自己有体悟，读到自己出功夫，读到对自己一辈子有用为止。','六合教育','1',NULL,0,'2024-11-11 21:43:48.000','2024-11-11 21:43:48.000'),(30,'大家都要珍惜美好的读书生活，读书“读得好”叫悦耳动听，谓韵味无穷，谓余音绕梁。所以我的课你第二次去听，保证比你第一次听的有趣，第三次听保证比第一次、第二次更有趣，绝对越听越开心。','六合教育','1',NULL,0,'2024-11-11 21:43:48.000','2024-11-11 21:43:48.000'),(31,'读书没有那么复杂，“天得一以清，地得一以宁”，天清地宁，首先得得到“一”。因为有一才有二，有二才有四，有四才有八，有了八就有十六，有了十六就有三十二，有了三十二就有六十四，有了六十四就有一百二十八，那么一百二十八再翻一倍就是两百五十六，两百五十六再翻一倍就是五百一十二，五百一十二再翻一倍就是一千零二十四，……复合增长哪里来？这就是复合增长。','六合教育','1',NULL,0,'2024-11-11 21:43:48.000','2024-11-11 21:43:48.000'),(32,'读书分两种：一种叫精读，一种叫泛读。什么叫精读呢？比如说《诫子书》《诫外甥书》，我要求我的学员们300遍、500遍、1000遍、2000遍、3000遍的点读和朗读，这就是精读。那泛读呢？我要求我的学员们，搜集尽可能多的有关于诸葛亮的书或资料：《三国演义》《三国志》、各种漫画、小人书、各种评书、大鼓书、京剧等，都拿来浏览。至于浏览，那就越多越好，多多益善，以便相辅相成、相得益彰。','六合教育','1',NULL,0,'2024-11-11 21:43:48.000','2024-11-11 21:43:48.000'),(33,'精读是为了得到书的精华，而泛读是为了使其整个血肉丰满，精、泛共读就如同打通了奇经八脉。触类旁通，读其他任何书，做其他任何事情也都是一样，没有任何的差别。所以关于读书，要学会真的读书，不要假的读书。','六合教育','1',NULL,0,'2024-11-11 21:43:48.000','2024-11-11 21:43:48.000'),(34,'读书最主要的是借鉴，我们要会“化功大法”，把人家的知识，人家的经验化为自己的，我们要会融会贯通，一个是溶解的溶，一个是熔炼的熔，还有一个是融合的融。把人家好的知识、好的学问、好的经验都化为自己的本领，学会精通化。','六合教育','1',NULL,0,'2024-11-11 21:43:48.000','2024-11-11 21:43:48.000'),(35,'“三百六十行，行行出状元”。你不可能去学尽三百六十行，那是不现实的，也是不可能的。我们只要能学会、学通一行，一行通就够，一通百通。所以读书要掌握诀窍，什么事情都有绝招。','六合教育','1',NULL,0,'2024-11-11 21:43:48.000','2024-11-11 21:43:48.000'),(36,'看书与读书：看书，是攻城拓地，是扩大知识面，是泛读的范畴；读书，是守土防隘，是消化吸收，巩固已有知识，是精读的范畴。此两者相辅相成，一体两面，缺一不可，是一个系统工程。读书可以增加一个人的才华，可以使其更有气质；看书可以增加一个人的才学，使其更有内涵。','六合教育','1',NULL,0,'2024-11-11 21:43:48.000','2024-11-11 21:43:48.000'),(37,'对于一本经典的好书，比如四书五经，四大名著等，在看书的时候，先看目录。再强调一遍：看书的时候，先看目录！对于目录最好能一字不落地读和背。','六合教育','1',NULL,0,'2024-11-11 21:43:48.000','2024-11-11 21:43:48.000'),(38,'学习上一般都有一个误区，总是先看内容，目录从来都不看。这就导致关上书，只是记住一些零散的知识点，看了相当于没看，读书的时候也总觉得很累。','六合教育','1',NULL,0,'2024-11-11 21:43:48.000','2024-11-11 21:43:48.000'),(39,'读目录能让你掌握全局，知布局、识重点、建逻辑，久而久之，你的逻辑能力、抓重点能力、关联能力以及应用能力都能得以提升。觉得读书难的朋友，可以试试看！当然，这个仅仅是对诸如四书五经之类的经典中的经典之书之用。','六合教育','1',NULL,0,'2024-11-11 21:43:48.000','2024-11-11 21:43:48.000'),(40,'《三字经》《弟子规》都是好东西，我们每个人在生活当中都应该遵循，但是它们都是三个字的，最好是成人以后读。因为它容易把一个人的思维框住，这个要注意。','六合教育','1',NULL,0,'2024-11-11 21:43:48.000','2024-11-11 21:43:48.000'),(41,'《论语》是孔子的语录，不是韵文。它是中国最智慧的处世学之一，值得每个中国人好好学习。但是站在蒙学的基础上，要让一个孩子“开蒙”“开慧”，根据我自己多年的研究，不建议在15岁之前学习《论语》。','六合教育','1',NULL,0,'2024-11-11 21:43:48.000','2024-11-11 21:43:48.000'),(42,'中国的语言文字，是从一个字、两个字、三个字、四个字……到十三个字。中国的语言之美，主要靠音韵、靠韵文。所以以我个人的人生阅历和研究，不建议大家一开始在国学班的时候读《三字经》《论语》《弟子规》等，而是直接入手《诗经》，找到中国文化的根，以培养一个人的语言美感，激发想象力，丰富认知。','六合教育','1',NULL,0,'2024-11-11 21:43:48.000','2024-11-11 21:43:48.000'),(43,'文字对小孩子来讲都是符号，没有区别。背这个也是背，背那个也是背。背《诗经》也是背，背《离骚》也是背，背《易经》也是背，背《尚书》也是背，背“三百千千”也是背，背“唐诗宋词”也是背，背“儿歌”也是背。但按我多年的研究，培养小孩子文气最好是从《诗经》《离骚》开始，当这些难的会背了，易的还在话下嘛？这就是“由难入易”。','六合教育','1',NULL,0,'2024-11-11 21:43:48.000','2024-11-11 21:43:48.000'),(44,'孩子小的时候记性是最好的，故经典文章应不求甚解地叫他背诵下来，不需要其理解具体的意思，先记诵而后理解，先理解而后研究，先研究而后著作，这就是“由易入难”、先简后繁、由浅入深。','六合教育','1',NULL,0,'2024-11-11 21:43:48.000','2024-11-11 21:43:48.000'),(45,'愚以为《论语》适合五十岁以上的人去读，具备一定地位、一定官位的中国人，他们的人生阅历、生活经历到了一定程度以后的一本参考书。它是一条一条的，是语录，它不是韵文。要开智慧一定是用韵文开始的，因为它朗朗上口，有律有韵。','六合教育','1',NULL,0,'2024-11-11 21:43:48.000','2024-11-11 21:43:48.000'),(46,'年轻的时候，以为不读书，不足以了解人生。直到后来，才逐渐发现：如果不了解人生，是读不懂书的。读书的意义，大概就是：带着生活的阅历和经历去读书，用读书的感悟、所得去热爱生活。','六合教育','1',NULL,0,'2024-11-11 21:43:48.000','2024-11-11 21:43:48.000'),(47,'我们读书也好，学习传统文化国学经典也罢，不仅仅是为了能读诵一些文章、诗词，也不是为了附庸风雅、忸怩作态、装腔作势、舞文弄墨，而是为了学习传承书中、经典中古人为人处事的智慧，使其化为己用，学以致用、学以真用，使自己能填饱肚子，并给家人一个相对富足的生活，为社会做点贡献，为人民服务，然后再为国家，修身齐家治国平天下，最终让我们的生活、生命更美好、更幸福。','六合教育','1',NULL,0,'2024-11-11 21:43:48.000','2024-11-11 21:43:48.000'),(48,'许多人学习是学习，工作是工作，生活是生活，两两不相干，硬生生把它们割裂开，结果学习、工作、生活都不尽人意。','六合教育','1',NULL,0,'2024-11-11 21:43:48.000','2024-11-11 21:43:48.000'),(49,'学习是为了更好的工作，工作是为了更好的生活。学习就是工作，工作也是学习，学习、工作都是生活的一部分，学习、工作、生活是一体化的。','六合教育','1',NULL,0,'2024-11-11 21:43:48.000','2024-11-11 21:43:48.000'),(50,'小老百姓要改变命运唯一的办法就是通过读书。读书要读得好，读的对，首先需要立志慕先贤，要选对好的老师，好的老师能续你法身慧命。','六合教育','1',NULL,0,'2024-11-11 21:43:48.000','2024-11-11 21:43:48.000'),(51,'跟随本人学习究竟能获得什么？ 获得爱的教育和美的教育；获得独到眼光和世界格局； 获得精神内涵和文化底蕴；获得工作方法和学习窍门； 获得心灵手巧和耳聪目明；获得智慧超群和过人记忆； 获得身体康健和血气充盈；获得男子气概和女子气质； 获得无比强大的内在力量；获得安邦治国的才能本领； 获得探索世界的兴趣热情；获得现实生活的乐此不疲。','六合教育','1',NULL,0,'2024-11-11 21:43:48.000','2024-11-11 21:43:48.000'),(52,'我希望碰到有缘人，有缘人一定是有情有义之人。没有情没有义，我就怕你本事学会了去做坏事。因为本事是“倚天剑、屠龙刀”，我真觉得我自己手里的本事是“倚天剑和屠龙刀”，它是双刃的。 ','六合教育','1',NULL,0,'2024-11-11 21:43:48.000','2024-11-11 21:43:48.000'),(53,'教与学的感悟：只有徒弟追着师父（师傅）学习，哪有师父（师傅）追着徒弟学习的？只有求学，没有求你学，最多只有劝学。所以学需自立，勤以励己，奋勉以求。师只是教诲辅助，只是给个话头，或者给一本书，亦或是授一个套路、一个窍门，大抵指明方向，只是领进门，其余的修炼、修行全靠学员自己个人。见过于师，方堪传授。','六合教育','1',NULL,0,'2024-11-11 21:43:48.000','2024-11-11 21:43:48.000'),(54,'学文与学武毫无二致，均以师父之口传心授而入门成就。若自有所悟，皆是灵光乍现而已，莫非某一机缘巧合之下而获取的成绩。仅此，也是凤毛麟角。噫，良师益友难寻矣…… ','六合教育','1',NULL,0,'2024-11-11 21:43:48.000','2024-11-11 21:43:48.000'),(55,'学习分突击学习与长期浸泡二种方式。突击学习，是师父领进门，以后修行靠个人；长期浸泡，是师传徒承，长期熏习的传授过程。','六合教育','1',NULL,0,'2024-11-11 21:43:48.000','2024-11-11 21:43:48.000'),(56,'我教学生一般是这样子的：给你一本书，你自己看去；给你一个人名，你自己去研究。孟子曰：“引而不发，跃如也。”我只是点个题，画龙点个睛，具体的我不会来跟你讲，你要自己钻研，自己去钻，自己去研，这就是我的教法。','六合教育','1',NULL,0,'2024-11-11 21:43:48.000','2024-11-11 21:43:48.000'),(57,'“教练、教练”，教为1%，练为99%。','六合教育','1',NULL,0,'2024-11-11 21:43:48.000','2024-11-11 21:43:48.000'),(58,'“同学、同学”，就是同时学不同的东西。','六合教育','1',NULL,0,'2024-11-11 21:43:48.000','2024-11-11 21:43:48.000'),(59,'我是因才施教，因材施教，因财施教。','六合教育','1',NULL,0,'2024-11-11 21:43:48.000','2024-11-11 21:43:48.000'),(60,'人是靠夸出来的，我对我的学员都是鼓励、勉励、激励加奖励。','六合教育','1',NULL,0,'2024-11-11 21:43:48.000','2024-11-11 21:43:48.000'),(61,'要学习某种技艺，成为匠人，最重要的是能得到某种技艺的真正传承，因为水有源头、树有根。任何事情都是要讲点缘起，讲点脉络的。','六合教育','1',NULL,0,'2024-11-11 21:43:48.000','2024-11-11 21:43:48.000'),(62,'如何寻根？如何寻祖？怎样探脉求源？须归根结底，须归根结蒂。所谓家学渊源、将门虎子、将门无犬子，或粘亲带故，亲上加亲，甥舅、叔侄、姨表等血缘关系，或拜师学艺成为徒弟，或义结金兰成为兄弟（姐弟、兄妹）。过去只有达官、士大夫才有读书、学习的机会，普通百姓是很少有读书、学习的机会的。','六合教育','1',NULL,0,'2024-11-11 21:43:48.000','2024-11-11 21:43:48.000'),(63,'以终为始，顺瓜可以摸到藤，顺藤不一定能摸到瓜。','六合教育','1',NULL,0,'2024-11-11 21:43:48.000','2024-11-11 21:43:48.000'),(64,'关于脉：山有山脉，水有水脉，人有人脉，文有文脉，武有武脉，道有道脉，来龙去脉，一脉相传、一脉相承。怎么传？怎么承？一靠神授，二靠家传，三靠师承。','六合教育','1',NULL,0,'2024-11-11 21:43:48.000','2024-11-11 21:43:48.000'),(65,'地球距今四十六亿年，人类文明史已有七八千年，近现代史不到两百年。所以脉在源头，我们要追本溯源。老祖宗留下来的古文经典，一切智慧都在古文经典里面。古文是修心养性的根本，古书里有一切之脉，存有智慧的根本，藏经阁也。','六合教育','1',NULL,0,'2024-11-11 21:43:48.000','2024-11-11 21:43:48.000'),(66,'路数，路数，有路有数，一脉相承才是正宗。知根知底，学须有承，薪火相传，承先启后，融会贯通，一树繁花，硕果树树。','六合教育','1',NULL,0,'2024-11-11 21:43:48.000','2024-11-11 21:43:48.000'),(67,'我说过的那些话，讲过的那些课，你们要反复去看，要深入思考。这样你才会进步，你才会有自己的体悟，才能“青，取之于蓝，而青于蓝；冰，水为之，而寒于水”。','六合教育','1',NULL,0,'2024-11-11 21:43:48.000','2024-11-11 21:43:48.000'),(68,'跟着、跟从、跟随、跟进、跟上、跟好，慢慢地跟。跟好人、跟对人，一直跟着有结果的人，跟随有成果的能人，做好跟班不掉队，直到自己跟出效果，跟出结果。','六合教育','1',NULL,0,'2024-11-11 21:43:48.000','2024-11-11 21:43:48.000'),(69,'我们要有听觉，要有听话能力，听话听音，把音给听好，要入情、入景、入境、入心。','六合教育','1',NULL,0,'2024-11-11 21:43:48.000','2024-11-11 21:43:48.000'),(70,'子绝四：毋意，毋必，毋固，毋我。所以大家千万不要着相，千万不可自以为是，千万不要先入为主。不要一上来就否定，因为凡事没有绝对，需要亲自验证。你可以有反对意见，但不能固执己见。','六合教育','1',NULL,0,'2024-11-11 21:43:48.000','2024-11-11 21:43:48.000'),(71,'宁波的简称叫“甬”，加言字旁叫“诵”，出口能诵；加力字底变成“勇”，勇立潮头；加走之底叫“通”，通权达变；加三点水叫“涌”，文思泉涌；加虫子旁叫“蛹”，作茧自缚的是蛹，破茧成蝶的也是蛹。','六合教育','1',NULL,0,'2024-11-11 21:43:48.000','2024-11-11 21:43:48.000'),(72,'生活中做任何事情，不给自己添乱，不给他人添麻烦。一切随顺自然，不强求任何的因缘，也不去攀附任何事情，尽量做到善始、善终、善其后。 ','六合教育','1',NULL,0,'2024-11-11 21:43:48.000','2024-11-11 21:43:48.000'),(73,'人，要自强、自立、自信、自爱、自重。自爱、自重非常重要。人的一生，行走江湖，名声就是那白天鹅的羽毛。他人污我、损我，一年、二年，时过境迁，自会过去，但自己不得污损。本心如山泉之水，渊澄取映；亦如皓月当空，清光万里。自爱、自重，吾心之所系也。 ','六合教育','1',NULL,0,'2024-11-11 21:43:48.000','2024-11-11 21:43:48.000'),(74,'“虚心使人进步”,解释：谦虚使人进步。我们从小都是这么认为的。当下的体悟：把虚心二字分开，即“虚，心使人进步”，“虚其心，使人进步”。虚，是道家功夫；心，是心劲儿，心气儿，做任何事都要使心气，得心劲。悟此，方才明白此语。   ','六合教育','1',NULL,0,'2024-11-11 21:43:48.000','2024-11-11 21:43:48.000'),(75,'一个人一生能不能成事，能不能成就？有一个很重要的因素就是看他是否能持之以恒。许多人不管做什么事情，都想今种明收。“冰冻三尺非一日之寒，滴水穿石岂一日之功”；长得快的是野草，长得慢的是大树，这就是古人讲的厚积薄发。','六合教育','1',NULL,0,'2024-11-11 21:43:48.000','2024-11-11 21:43:48.000'),(76,'“九层之台，起于累土；千里之行，始于足下”。“十年树木，百年树人”。做任何事情都不是一蹴而就的，读书、学习也是一样。要想成功，必须先做加法，读到一定的时候，学到一定的程度，功夫到了，人生才能从量变转为质变，再做其减法。','六合教育','1',NULL,0,'2024-11-11 21:43:48.000','2024-11-11 21:43:48.000'),(77,'世间万物“质”的变化无不依靠“量”的积累。所以我们一定要相信重复的力量，相信持之以恒的力量。','六合教育','1',NULL,0,'2024-11-11 21:43:48.000','2024-11-11 21:43:48.000'),(78,'复杂的事情简单做，简单的事情重复做，重复的事情用心做。','六合教育','1',NULL,0,'2024-11-11 21:43:48.000','2024-11-11 21:43:48.000'),(79,'学会精通化。本事首先要学，学然后会，会而后精，惟精惟一、一即一切，精然后通，通然后化，化于生活、化到心里，然后得“化功大法”。','六合教育','1',NULL,0,'2024-11-11 21:43:48.000','2024-11-11 21:43:48.000'),(80,'怎么方便，怎么来；怎么有用，怎么来；怎么实用，怎么来。','六合教育','1',NULL,0,'2024-11-11 21:43:48.000','2024-11-11 21:43:48.000'),(81,'眼高手低：着眼要高，起手要低。生活中很多事情都是相对的，比如大小、高低、难易等。老子说：“图难于其易，为大于其细；天下难事，必作于易，天下大事，必作于细。”所以要做成难事，先从容易处着手；要做成大事，先从细小之事做起。如此循序渐进，持之以恒，坚持不懈，必能有所成就。','六合教育','1',NULL,0,'2024-11-11 21:43:48.000','2024-11-11 21:43:48.000'),(82,'我们要“举重若轻”，又要“举轻若重”；我们要“小题大做”，又要“大题小做”，这几个词需细细品悟。','六合教育','1',NULL,0,'2024-11-11 21:43:48.000','2024-11-11 21:43:48.000'),(83,'一个人的思维系统，就是这个人的生活系统；一个人的思维系统，就是这个人的智慧系统；一个人的思维系统，就是这个人的财富系统； 一个人的思维系统，就是这个人的能量系统。如果生活不如意，应该考虑自己的思维系统。','六合教育','1',NULL,0,'2024-11-11 21:43:48.000','2024-11-11 21:43:48.000'),(84,'穷，是穷在思维方式上。富，是富在为人处事的心量、格局中。身贫而心不贫者，身贫而道不贫者，有大丈夫之志者，愿为人民服务者，亦是吾心中之英雄也。','六合教育','1',NULL,0,'2024-11-11 21:43:48.000','2024-11-11 21:43:48.000'),(85,'用功不求太猛，但求有恒。人但有恒，事无不成。体气、文气、才气，三气合一气，是一个人成功的要素之一。','六合教育','1',NULL,0,'2024-11-11 21:43:48.000','2024-11-11 21:43:48.000'),(86,'成功的核心要点：天赋、拣择、传承、授受、热爱、坚持、琢磨、总结、明德、至善。','六合教育','1',NULL,0,'2024-11-11 21:43:48.000','2024-11-11 21:43:48.000'),(87,'摸、抹、摹、摩、磨、默，这个“默”字，是中国所有成功人士唯一的诀窍。我就告诉你，是唯一的诀窍。你不知道，那是你的水平没到那个层次，没到那个程度。有些事情，只有到了一定程度层次，你才能懂。','六合教育','1',NULL,0,'2024-11-11 21:43:48.000','2024-11-11 21:43:48.000'),(88,'“默”字诀:这个黑犬，是古代行走江湖的真功夫，是心法秘籍。本人有偿得之，给大家无偿分享之，得之终生有用。 黑天摸地，浑水摸鱼。拐弯抹角，一抹到底。 心摹手追，用心揣摩。千磨百折，磨杵成针。 静思默想，静观默察，默而识之，潜移默化。 思前想后，缜密侦查。反复推演，精细推敲。 精心设计，出神入化。如临其境，如见其人。 即心即境，心神凝定。执其两端，吾择其中。 承前启后，继往开来。','六合教育','1',NULL,0,'2024-11-11 21:43:48.000','2024-11-11 21:43:48.000'),(89,'做任何事情首先在于行动。行，不一定行；不行，就一定不行。','六合教育','1',NULL,0,'2024-11-11 21:43:48.000','2024-11-11 21:43:48.000'),(90,'做一件事情：发心要正、立意要高、布局要巧、基础要实、不过范围、不超能力、知根知底、识人善任、顺从天地、善始善终、并善其后。','六合教育','1',NULL,0,'2024-11-11 21:43:48.000','2024-11-11 21:43:48.000'),(91,'做一件事情，知道，不等于做到；做到，不等于做好；做好，不等于做成。如何将一件事情从知道到做到，从做到到做好，从做好再到做成？有方法，比如说SWOT分析，5M1E，三现五原则，5W1H，PDCA循环往复，把一件事做完、做好、做成，做到恰到好处。','六合教育','1',NULL,0,'2024-11-11 21:43:48.000','2024-11-11 21:43:48.000'),(92,'SWOT分析：S（strengths）是优势、W（weaknesses）是劣势、O（opportunities）是机会、T（threats）是威胁。','六合教育','1',NULL,0,'2024-11-11 21:43:48.000','2024-11-11 21:43:48.000'),(93,'5M1E：Man（人）、Machine（机）、Material（料）、Method（法）、Environment（环）、Measurement（测）。','六合教育','1',NULL,0,'2024-11-11 21:43:48.000','2024-11-11 21:43:48.000'),(94,'三现五原则：三现，现场、现物、现状；五原则，分析现状、找出真因、制定对策、核查结果、标准化。','六合教育','1',NULL,0,'2024-11-11 21:43:48.000','2024-11-11 21:43:48.000'),(95,'5W1H：Why(为何)、What(是何)、Where(何地)、When(何时)、Who(何人)、How(何法)。此“六何法”可问尽“六合事”。','六合教育','1',NULL,0,'2024-11-11 21:43:48.000','2024-11-11 21:43:48.000'),(96,'PDCA：Plan（计划）、Do（执行）、Check（检查）、Action（纠正）。','六合教育','1',NULL,0,'2024-11-11 21:43:48.000','2024-11-11 21:43:48.000'),(97,'PDCA（Plan计划、Do执行、Check检查、Action纠正）看上去就四个单词，但是这里面的奥妙无穷。它是“立志、勤学、改过、择善”；它是“大学之道，在明明德，在亲民，在止于至善”。至善就是精益求精的真正方法，大家一定要把PDCA作为一生当中最有用的方法。','六合教育','1',NULL,0,'2024-11-11 21:43:48.000','2024-11-11 21:43:48.000'),(98,'我们做每件事情都可以用“代入法”，其实这就是工作的妙法，工作方法是要有的，最简单、最直接、最有效的方法就是“PDCA”。','六合教育','1',NULL,0,'2024-11-11 21:43:48.000','2024-11-11 21:43:48.000'),(99,'做事情要深入：从深而入、由浅而出、深入浅出。','六合教育','1',NULL,0,'2024-11-11 21:43:48.000','2024-11-11 21:43:48.000'),(100,'万事万物没有绝对，但是万变不离其宗。一定、一定；一定、不一定；不一定、不一定；不一定、一定。行、不行；不行、行；行、行；不行、不行。有关系、有关系；有关系、没关系；没关系、没关系；没关系、有关系。值得大家细细品味！','六合教育','1',NULL,0,'2024-11-11 21:43:48.000','2024-11-11 21:43:48.000'),(101,'招法:从一招而积到千招、万招；再从千招、万招化为一招，乃至无招。这个无招中又包含了千招、万招之妙法。','六合教育','1',NULL,0,'2024-11-11 21:43:48.000','2024-11-11 21:43:48.000'),(102,'求道、闻道、寻道、知道、合道、行道、修道、证道、悟道、布道。','六合教育','1',NULL,0,'2024-11-11 21:43:48.000','2024-11-11 21:43:48.000'),(103,'所听、所闻、所见、所思、所感、所演、所练、所教、所学、所说、所得，归纳总结。 ','六合教育','1',NULL,0,'2024-11-11 21:43:48.000','2024-11-11 21:43:48.000'),(104,'我们不要去默守成规，不要去固化，也不要僵化。要知变化、能活化、会转化、可融化、求进化，在规矩之内、法度之内，春风化雨、潜移默化。','六合教育','1',NULL,0,'2024-11-11 21:43:48.000','2024-11-11 21:43:48.000'),(105,'化，既可以化无为有，也可以化有为无。做人、做事、起心、动念、言谈、举止，要化繁为简；读书、习武，要出神入化。','六合教育','1',NULL,0,'2024-11-11 21:43:48.000','2024-11-11 21:43:48.000'),(106,'方与圆，先方后圆。方：依样画葫芦，模仿前贤，即操作于规矩之中，规规矩矩，方方正正；圆：摘花飞叶，意也。求意之关键在于人之思虑，掌握变通之法，是方之进阶，此为“神明于规矩之中，变化于规矩之外”。 ','六合教育','1',NULL,0,'2024-11-11 21:43:48.000','2024-11-11 21:43:48.000'),(107,'做事情要有方向、方针、方略、方案、方法……默化于心。培养好习惯，增强规矩意识，时间告诉我们该做什么事，规矩告诉我们该怎么做。做人要圆融、圆通，圆则变，变则通，通则达，达则兼济天下，最终实现我们想要的美好人生。','六合教育','1',NULL,0,'2024-11-11 21:43:48.000','2024-11-11 21:43:48.000'),(108,'君只见荷花出淤泥而不染，倘无淤泥荷花从何而生，又从何而长？','六合教育','1',NULL,0,'2024-11-11 21:43:48.000','2024-11-11 21:43:48.000'),(109,'车轮滚滚，风尘仆仆。人生天地间，天道无常。可以和其光，同其尘；可以同其流，但不合其污；择其善者而从之，其不善者而改之。','六合教育','1',NULL,0,'2024-11-11 21:43:48.000','2024-11-11 21:43:48.000'),(110,'人生一世，无日不在局中，无事不在局中。或谋局，或布局，或入局，或破局……干一件事，必先谋篇布局。首先要纵揽全局，争取力求开局完美。做到知彼知己，谋定而后动，知止而有得。随时掌控大局，注意局中局，同时做好收局，以使结局圆满。','六合教育','1',NULL,0,'2024-11-11 21:43:48.000','2024-11-11 21:43:48.000'),(111,'古人说：良好的开局是成功的一半。若兼得天时、地利、人和，则应果断开局、万勿拖延、举棋不定、逡巡不进而错失良机。随着局势不断发展，必须要密切跟踪，进一步审时度势，因事制宜，伺机而行。随着自身进入局中，往往考虑自得利益，易一叶障目，不见泰山，务必注意此点。因为处事考验的是人心、人性以及道义。','六合教育','1',NULL,0,'2024-11-11 21:43:48.000','2024-11-11 21:43:48.000'),(112,'人生没有假设，千万不要去赌一局。世上本没有神，能把控自己局面的，唯有自己，能掌握自己命运的亦是自己，自己才是自己的守护神。','六合教育','1',NULL,0,'2024-11-11 21:43:48.000','2024-11-11 21:43:48.000'),(113,'人生无常，处处局中有局，变局无限，迷局无穷。实乃布局为要，解局为高，视珍珑棋局，避免僵局，了却残局，解除病局，化死局为活局，转败局为胜局。','六合教育','1',NULL,0,'2024-11-11 21:43:48.000','2024-11-11 21:43:48.000'),(114,'古人云：“至道无难，唯嫌拣择。”胜局、败局、僵局等各种局面，仅在于你我某一步、某一次地抉择。此乃人生棋局，世事如棋局局新。设其人若无止善之心法，若无上下、前后、左右、中心之六合全局观；若无破局之才，转局之机，化局之智，拼凑成局之能，焉能把控全局哉！','六合教育','1',NULL,0,'2024-11-11 21:43:48.000','2024-11-11 21:43:48.000'),(115,'不观全局者，哪有全局观？唯有纵观全局者，才能立于天下而成其就。我在我局中，吾在吾局外。身在局中、心在局外。无关生智，局外生慧。解局者，任重而道远，不忘初心，方得始终，唯有时时修正也。生活中，吾辈自当：深谋而远虑，高瞻而远瞩，拼得一好局，解得一妙局，终得圆满结局。','六合教育','1',NULL,0,'2024-11-11 21:43:48.000','2024-11-11 21:43:48.000');
/*!40000 ALTER TABLE `Tips` ENABLE KEYS */;

--
-- Table structure for table `User`
--

DROP TABLE IF EXISTS `User`;
/*!40101 SET @saved_cs_client     = @@character_set_client */;
/*!50503 SET character_set_client = utf8mb4 */;
CREATE TABLE `User` (
  `id` int NOT NULL AUTO_INCREMENT,
  `username` varchar(191) COLLATE utf8mb4_unicode_ci NOT NULL,
  `password` varchar(191) COLLATE utf8mb4_unicode_ci NOT NULL,
  `openId` varchar(191) COLLATE utf8mb4_unicode_ci DEFAULT NULL,
  `unionId` varchar(191) COLLATE utf8mb4_unicode_ci DEFAULT NULL,
  `nickname` varchar(191) COLLATE utf8mb4_unicode_ci DEFAULT NULL,
  `avatarUrl` varchar(191) COLLATE utf8mb4_unicode_ci DEFAULT NULL,
  `gender` int DEFAULT NULL,
  `language` varchar(191) COLLATE utf8mb4_unicode_ci DEFAULT NULL,
  `city` varchar(191) COLLATE utf8mb4_unicode_ci DEFAULT NULL,
  `province` varchar(191) COLLATE utf8mb4_unicode_ci DEFAULT NULL,
  `country` varchar(191) COLLATE utf8mb4_unicode_ci DEFAULT NULL,
  `createdAt` datetime(3) NOT NULL DEFAULT CURRENT_TIMESTAMP(3),
  `updatedAt` datetime(3) NOT NULL,
  `creditId` int DEFAULT NULL,
  `roleId` int DEFAULT NULL,
  `age` varchar(191) COLLATE utf8mb4_unicode_ci DEFAULT NULL,
  `grade` varchar(191) COLLATE utf8mb4_unicode_ci DEFAULT NULL,
  `school` varchar(191) COLLATE utf8mb4_unicode_ci DEFAULT NULL,
  `sign_text` varchar(191) COLLATE utf8mb4_unicode_ci DEFAULT NULL,
  `delete` tinyint(1) NOT NULL DEFAULT '0',
  `mobile` varchar(191) COLLATE utf8mb4_unicode_ci DEFAULT NULL,
  `token` varchar(191) COLLATE utf8mb4_unicode_ci DEFAULT NULL,
  PRIMARY KEY (`id`),
  UNIQUE KEY `User_username_key` (`username`),
  UNIQUE KEY `User_openId_key` (`openId`),
  UNIQUE KEY `User_unionId_key` (`unionId`),
  UNIQUE KEY `User_creditId_key` (`creditId`),
  UNIQUE KEY `User_token_key` (`token`),
  KEY `User_roleId_fkey` (`roleId`),
  CONSTRAINT `User_roleId_fkey` FOREIGN KEY (`roleId`) REFERENCES `Role` (`id`) ON DELETE SET NULL ON UPDATE CASCADE
) ENGINE=InnoDB AUTO_INCREMENT=13 DEFAULT CHARSET=utf8mb4 COLLATE=utf8mb4_unicode_ci;
/*!40101 SET character_set_client = @saved_cs_client */;

--
-- Dumping data for table `User`
--

/*!40000 ALTER TABLE `User` DISABLE KEYS */;
INSERT INTO `User` VALUES (1,'admin','123456',NULL,NULL,'Administrator','https://lhdd-club.oss-cn-hangzhou.aliyuncs.com/images/1731414484764-709573465-hn2ZxbT93Ett50f904fb77c9b686c404d8eb6f8d5c59.jpeg',NULL,NULL,NULL,NULL,NULL,'2024-11-11 02:52:04.237','2024-11-12 12:28:08.711',NULL,NULL,NULL,NULL,NULL,NULL,0,'13817152426','eyJhbGciOiJIUzI1NiIsInR5cCI6IkpXVCJ9.eyJpZCI6MSwiaWF0IjoxNzMxNDE0NDU0LCJleHAiOjE3MzE1MDA4NTR9.PvdVS1f9U29NALSZq9IbqEf5xjMP4U-D2TwTkGb9CJ8'),(2,'13817152426','123456',NULL,NULL,'GuestM','https://lhdd-club.oss-cn-hangzhou.aliyuncs.com/images/1731470457909-115201839-ISJd8Wr3FGCtf15f4cd2b634acdb8be15f7a356b34af.jpeg',NULL,NULL,NULL,NULL,NULL,'2024-11-12 12:29:39.905','2025-01-26 00:26:27.227',NULL,NULL,NULL,NULL,NULL,NULL,0,'13817152426','eyJhbGciOiJIUzI1NiIsInR5cCI6IkpXVCJ9.eyJpZCI6MiwiaWF0IjoxNzM3ODUxMTg3LCJleHAiOjE3Mzc5Mzc1ODd9.CHRtinV11vCC_wsHk-_Yu14ygaQHkUQa5J3fwGhLHzc'),(3,'13665555556','123456',NULL,NULL,'13665555556',NULL,NULL,NULL,NULL,NULL,NULL,'2024-11-12 13:16:36.489','2024-11-12 13:16:36.498',NULL,NULL,NULL,NULL,NULL,NULL,0,'13665555556','eyJhbGciOiJIUzI1NiIsInR5cCI6IkpXVCJ9.eyJpZCI6MywiaWF0IjoxNzMxNDE3Mzk2LCJleHAiOjE3MzE1MDM3OTZ9.Fa8IRDVh8dBbRON6q3aX6Tu0dmtNWfWWaqMCP2l87FE'),(4,'13655555556','123456',NULL,NULL,'HHHH','https://lhdd-club.oss-cn-hangzhou.aliyuncs.com/images/1731420729337-752229952-77PxMNCOxVFL308c7c9695bb3d8e2035538f668bb982.jpg',NULL,NULL,NULL,NULL,NULL,'2024-11-12 13:21:51.100','2024-11-13 13:52:39.653',NULL,NULL,NULL,NULL,NULL,NULL,0,'13655555556','eyJhbGciOiJIUzI1NiIsInR5cCI6IkpXVCJ9.eyJpZCI6NCwiaWF0IjoxNzMxNTA1OTU5LCJleHAiOjE3MzE1OTIzNTl9.UT0G3njLflabcJeOZ84C__MG3XgihfGZmG97Np2YLO4'),(5,'13703726765','1234',NULL,NULL,'13703726765',NULL,NULL,NULL,NULL,NULL,NULL,'2024-11-30 07:54:17.512','2024-11-30 07:54:17.519',NULL,NULL,NULL,NULL,NULL,NULL,0,'13703726765','eyJhbGciOiJIUzI1NiIsInR5cCI6IkpXVCJ9.eyJpZCI6NSwiaWF0IjoxNzMyOTUzMjU3LCJleHAiOjE3MzMwMzk2NTd9.2m2GMmG3zC0UUTFslPSvhLMjxn8XzMMbLMC-w_BSmXw'),(6,'13903643141','123456',NULL,NULL,'13903643141',NULL,NULL,NULL,NULL,NULL,NULL,'2024-12-27 07:24:01.176','2024-12-27 07:24:01.184',NULL,NULL,NULL,NULL,NULL,NULL,0,'13903643141','eyJhbGciOiJIUzI1NiIsInR5cCI6IkpXVCJ9.eyJpZCI6NiwiaWF0IjoxNzM1Mjg0MjQxLCJleHAiOjE3MzUzNzA2NDF9.jl9ew-bky5iJ-Hhdav8qkI4lbEN8JIc4KwBE-hxw64Q'),(7,'19974976288','123456',NULL,NULL,'19974976288',NULL,NULL,NULL,NULL,NULL,NULL,'2024-12-27 08:04:10.771','2024-12-28 22:08:42.420',NULL,NULL,NULL,NULL,NULL,NULL,0,'19974976288','eyJhbGciOiJIUzI1NiIsInR5cCI6IkpXVCJ9.eyJpZCI6NywiaWF0IjoxNzM1NDIzNzIyLCJleHAiOjE3MzU1MTAxMjJ9.gGas2EZxSYVlhvspgXUkpvU6HnCXlwnKiAWR4m3N7qQ'),(8,'15267891133','747d9b4f31',NULL,NULL,'15267891133',NULL,NULL,NULL,NULL,NULL,NULL,'2024-12-28 00:39:00.875','2025-01-06 04:35:56.413',NULL,NULL,NULL,NULL,NULL,NULL,0,'15267891133','eyJhbGciOiJIUzI1NiIsInR5cCI6IkpXVCJ9.eyJpZCI6OCwiaWF0IjoxNzM2MTM4MTU2LCJleHAiOjE3MzYyMjQ1NTZ9.vfkJYJohqPR65Gpr36soQdVJibdZjn6tLIC68Y4zH8c'),(9,'13123131331','123456',NULL,NULL,'13123131331',NULL,NULL,NULL,NULL,NULL,NULL,'2025-01-11 05:53:31.666','2025-01-11 05:53:31.673',NULL,NULL,NULL,NULL,NULL,NULL,0,'13123131331','eyJhbGciOiJIUzI1NiIsInR5cCI6IkpXVCJ9.eyJpZCI6OSwiaWF0IjoxNzM2NTc0ODExLCJleHAiOjE3MzY2NjEyMTF9.A-IwGT42xJ6uij4ZQYVG7KS7TZld-dvtYpeqUYmcIqY'),(10,'13333333366','123456',NULL,NULL,'13333333366',NULL,NULL,NULL,NULL,NULL,NULL,'2025-01-12 08:37:34.291','2025-01-12 08:37:34.296',NULL,NULL,NULL,NULL,NULL,NULL,0,'13333333366','eyJhbGciOiJIUzI1NiIsInR5cCI6IkpXVCJ9.eyJpZCI6MTAsImlhdCI6MTczNjY3MTA1NCwiZXhwIjoxNzM2NzU3NDU0fQ.KaVt_jXQzl-o1neaaGplWJMhxMxY8Sg_dJXOkB5bCPY'),(11,'13275556666','123456',NULL,NULL,'13275556666',NULL,NULL,NULL,NULL,NULL,NULL,'2025-01-20 07:37:32.456','2025-01-20 07:37:32.462',NULL,NULL,NULL,NULL,NULL,NULL,0,'13275556666','eyJhbGciOiJIUzI1NiIsInR5cCI6IkpXVCJ9.eyJpZCI6MTEsImlhdCI6MTczNzM1ODY1MiwiZXhwIjoxNzM3NDQ1MDUyfQ.QW3VifSufTWI-eVM4s1h1zsiO7yV5-8W9eq9wYnTRE4'),(12,'13655556666','123456',NULL,NULL,'13655556666',NULL,NULL,NULL,NULL,NULL,NULL,'2025-01-22 01:51:07.450','2025-01-22 01:51:07.458',NULL,NULL,NULL,NULL,NULL,NULL,0,'13655556666','eyJhbGciOiJIUzI1NiIsInR5cCI6IkpXVCJ9.eyJpZCI6MTIsImlhdCI6MTczNzUxMDY2NywiZXhwIjoxNzM3NTk3MDY3fQ.gBtqoQQXihJuubqoRx0D-IQnMPdq9iK8PkUB7xvpN1c');
/*!40000 ALTER TABLE `User` ENABLE KEYS */;

--
-- Table structure for table `User_Code`
--

DROP TABLE IF EXISTS `User_Code`;
/*!40101 SET @saved_cs_client     = @@character_set_client */;
/*!50503 SET character_set_client = utf8mb4 */;
CREATE TABLE `User_Code` (
  `id` int NOT NULL AUTO_INCREMENT,
  `code` varchar(191) COLLATE utf8mb4_unicode_ci NOT NULL,
  `userId` int NOT NULL,
  `used` tinyint(1) NOT NULL DEFAULT '0',
  `delete` tinyint(1) NOT NULL DEFAULT '0',
  `createdAt` datetime(3) NOT NULL DEFAULT CURRENT_TIMESTAMP(3),
  `updatedAt` datetime(3) NOT NULL,
  PRIMARY KEY (`id`),
  KEY `User_Code_userId_fkey` (`userId`),
  CONSTRAINT `User_Code_userId_fkey` FOREIGN KEY (`userId`) REFERENCES `User` (`id`) ON DELETE RESTRICT ON UPDATE CASCADE
) ENGINE=InnoDB DEFAULT CHARSET=utf8mb4 COLLATE=utf8mb4_unicode_ci;
/*!40101 SET character_set_client = @saved_cs_client */;

--
-- Dumping data for table `User_Code`
--

/*!40000 ALTER TABLE `User_Code` DISABLE KEYS */;
/*!40000 ALTER TABLE `User_Code` ENABLE KEYS */;

--
-- Table structure for table `User_Info`
--

DROP TABLE IF EXISTS `User_Info`;
/*!40101 SET @saved_cs_client     = @@character_set_client */;
/*!50503 SET character_set_client = utf8mb4 */;
CREATE TABLE `User_Info` (
  `id` int NOT NULL AUTO_INCREMENT,
  `avatar` varchar(191) COLLATE utf8mb4_unicode_ci NOT NULL,
  `leftEyes` varchar(191) COLLATE utf8mb4_unicode_ci NOT NULL,
  `rightEyes` varchar(191) COLLATE utf8mb4_unicode_ci NOT NULL,
  `height` varchar(191) COLLATE utf8mb4_unicode_ci NOT NULL,
  `weight` varchar(191) COLLATE utf8mb4_unicode_ci NOT NULL,
  `userId` int NOT NULL,
  `delete` tinyint(1) NOT NULL DEFAULT '0',
  `createdAt` datetime(3) NOT NULL DEFAULT CURRENT_TIMESTAMP(3),
  `updatedAt` datetime(3) NOT NULL,
  `name` varchar(255) COLLATE utf8mb4_unicode_ci DEFAULT NULL,
  `gender` int DEFAULT NULL,
  `birth` datetime(3) DEFAULT NULL,
  `age` int DEFAULT NULL,
  `career` varchar(255) COLLATE utf8mb4_unicode_ci DEFAULT NULL,
  `photo` varchar(255) COLLATE utf8mb4_unicode_ci DEFAULT NULL,
  PRIMARY KEY (`id`),
  KEY `User_Info_userId_fkey` (`userId`),
  CONSTRAINT `User_Info_userId_fkey` FOREIGN KEY (`userId`) REFERENCES `User` (`id`) ON DELETE RESTRICT ON UPDATE CASCADE
) ENGINE=InnoDB AUTO_INCREMENT=3 DEFAULT CHARSET=utf8mb4 COLLATE=utf8mb4_unicode_ci;
/*!40101 SET character_set_client = @saved_cs_client */;

--
-- Dumping data for table `User_Info`
--

/*!40000 ALTER TABLE `User_Info` DISABLE KEYS */;
INSERT INTO `User_Info` VALUES (1,'https://lhdd-club.oss-cn-hangzhou.aliyuncs.com/images/1731501718206-307826810-Nk1gqgRK6HHua60a850ec7b45246a4f258a642f5d29e.png','1.0','1.0','172','62',4,0,'2024-11-13 12:42:00.782','2024-11-13 12:42:00.782',NULL,NULL,NULL,NULL,NULL,NULL),(2,'https://lhdd-club.oss-cn-hangzhou.aliyuncs.com/images/1731501718206-307826810-Nk1gqgRK6HHua60a850ec7b45246a4f258a642f5d29e.png','1.0','1.0','172','80',4,0,'2024-11-13 13:56:26.076','2024-11-13 13:56:26.076',NULL,NULL,NULL,NULL,NULL,NULL);
/*!40000 ALTER TABLE `User_Info` ENABLE KEYS */;

--
-- Table structure for table `_BannerToMaterial`
--

DROP TABLE IF EXISTS `_BannerToMaterial`;
/*!40101 SET @saved_cs_client     = @@character_set_client */;
/*!50503 SET character_set_client = utf8mb4 */;
CREATE TABLE `_BannerToMaterial` (
  `A` int NOT NULL,
  `B` int NOT NULL,
  UNIQUE KEY `_BannerToMaterial_AB_unique` (`A`,`B`),
  KEY `_BannerToMaterial_B_index` (`B`),
  CONSTRAINT `_BannerToMaterial_A_fkey` FOREIGN KEY (`A`) REFERENCES `Banner` (`id`) ON DELETE CASCADE ON UPDATE CASCADE,
  CONSTRAINT `_BannerToMaterial_B_fkey` FOREIGN KEY (`B`) REFERENCES `Material` (`id`) ON DELETE CASCADE ON UPDATE CASCADE
) ENGINE=InnoDB DEFAULT CHARSET=utf8mb4 COLLATE=utf8mb4_unicode_ci;
/*!40101 SET character_set_client = @saved_cs_client */;

--
-- Dumping data for table `_BannerToMaterial`
--

/*!40000 ALTER TABLE `_BannerToMaterial` DISABLE KEYS */;
/*!40000 ALTER TABLE `_BannerToMaterial` ENABLE KEYS */;

--
-- Table structure for table `_BookToMaterial`
--

DROP TABLE IF EXISTS `_BookToMaterial`;
/*!40101 SET @saved_cs_client     = @@character_set_client */;
/*!50503 SET character_set_client = utf8mb4 */;
CREATE TABLE `_BookToMaterial` (
  `A` int NOT NULL,
  `B` int NOT NULL,
  UNIQUE KEY `_BookToMaterial_AB_unique` (`A`,`B`),
  KEY `_BookToMaterial_B_index` (`B`),
  CONSTRAINT `_BookToMaterial_A_fkey` FOREIGN KEY (`A`) REFERENCES `Book` (`id`) ON DELETE CASCADE ON UPDATE CASCADE,
  CONSTRAINT `_BookToMaterial_B_fkey` FOREIGN KEY (`B`) REFERENCES `Material` (`id`) ON DELETE CASCADE ON UPDATE CASCADE
) ENGINE=InnoDB DEFAULT CHARSET=utf8mb4 COLLATE=utf8mb4_unicode_ci;
/*!40101 SET character_set_client = @saved_cs_client */;

--
-- Dumping data for table `_BookToMaterial`
--

/*!40000 ALTER TABLE `_BookToMaterial` DISABLE KEYS */;
/*!40000 ALTER TABLE `_BookToMaterial` ENABLE KEYS */;

--
-- Table structure for table `_InformationToMaterial`
--

DROP TABLE IF EXISTS `_InformationToMaterial`;
/*!40101 SET @saved_cs_client     = @@character_set_client */;
/*!50503 SET character_set_client = utf8mb4 */;
CREATE TABLE `_InformationToMaterial` (
  `A` int NOT NULL,
  `B` int NOT NULL,
  UNIQUE KEY `_InformationToMaterial_AB_unique` (`A`,`B`),
  KEY `_InformationToMaterial_B_index` (`B`),
  CONSTRAINT `_InformationToMaterial_A_fkey` FOREIGN KEY (`A`) REFERENCES `Information` (`id`) ON DELETE CASCADE ON UPDATE CASCADE,
  CONSTRAINT `_InformationToMaterial_B_fkey` FOREIGN KEY (`B`) REFERENCES `Material` (`id`) ON DELETE CASCADE ON UPDATE CASCADE
) ENGINE=InnoDB DEFAULT CHARSET=utf8mb4 COLLATE=utf8mb4_unicode_ci;
/*!40101 SET character_set_client = @saved_cs_client */;

--
-- Dumping data for table `_InformationToMaterial`
--

/*!40000 ALTER TABLE `_InformationToMaterial` DISABLE KEYS */;
/*!40000 ALTER TABLE `_InformationToMaterial` ENABLE KEYS */;

--
-- Table structure for table `_LandingToMaterial`
--

DROP TABLE IF EXISTS `_LandingToMaterial`;
/*!40101 SET @saved_cs_client     = @@character_set_client */;
/*!50503 SET character_set_client = utf8mb4 */;
CREATE TABLE `_LandingToMaterial` (
  `A` int NOT NULL,
  `B` int NOT NULL,
  UNIQUE KEY `_LandingToMaterial_AB_unique` (`A`,`B`),
  KEY `_LandingToMaterial_B_index` (`B`),
  CONSTRAINT `_LandingToMaterial_A_fkey` FOREIGN KEY (`A`) REFERENCES `Landing` (`id`) ON DELETE CASCADE ON UPDATE CASCADE,
  CONSTRAINT `_LandingToMaterial_B_fkey` FOREIGN KEY (`B`) REFERENCES `Material` (`id`) ON DELETE CASCADE ON UPDATE CASCADE
) ENGINE=InnoDB DEFAULT CHARSET=utf8mb4 COLLATE=utf8mb4_unicode_ci;
/*!40101 SET character_set_client = @saved_cs_client */;

--
-- Dumping data for table `_LandingToMaterial`
--

/*!40000 ALTER TABLE `_LandingToMaterial` DISABLE KEYS */;
/*!40000 ALTER TABLE `_LandingToMaterial` ENABLE KEYS */;

--
-- Table structure for table `_MaterialToTips`
--

DROP TABLE IF EXISTS `_MaterialToTips`;
/*!40101 SET @saved_cs_client     = @@character_set_client */;
/*!50503 SET character_set_client = utf8mb4 */;
CREATE TABLE `_MaterialToTips` (
  `A` int NOT NULL,
  `B` int NOT NULL,
  UNIQUE KEY `_MaterialToTips_AB_unique` (`A`,`B`),
  KEY `_MaterialToTips_B_index` (`B`),
  CONSTRAINT `_MaterialToTips_A_fkey` FOREIGN KEY (`A`) REFERENCES `Material` (`id`) ON DELETE CASCADE ON UPDATE CASCADE,
  CONSTRAINT `_MaterialToTips_B_fkey` FOREIGN KEY (`B`) REFERENCES `Tips` (`id`) ON DELETE CASCADE ON UPDATE CASCADE
) ENGINE=InnoDB DEFAULT CHARSET=utf8mb4 COLLATE=utf8mb4_unicode_ci;
/*!40101 SET character_set_client = @saved_cs_client */;

--
-- Dumping data for table `_MaterialToTips`
--

/*!40000 ALTER TABLE `_MaterialToTips` DISABLE KEYS */;
/*!40000 ALTER TABLE `_MaterialToTips` ENABLE KEYS */;

--
-- Table structure for table `_PermissionToRole`
--

DROP TABLE IF EXISTS `_PermissionToRole`;
/*!40101 SET @saved_cs_client     = @@character_set_client */;
/*!50503 SET character_set_client = utf8mb4 */;
CREATE TABLE `_PermissionToRole` (
  `A` int NOT NULL,
  `B` int NOT NULL,
  UNIQUE KEY `_PermissionToRole_AB_unique` (`A`,`B`),
  KEY `_PermissionToRole_B_index` (`B`),
  CONSTRAINT `_PermissionToRole_A_fkey` FOREIGN KEY (`A`) REFERENCES `Permission` (`id`) ON DELETE CASCADE ON UPDATE CASCADE,
  CONSTRAINT `_PermissionToRole_B_fkey` FOREIGN KEY (`B`) REFERENCES `Role` (`id`) ON DELETE CASCADE ON UPDATE CASCADE
) ENGINE=InnoDB DEFAULT CHARSET=utf8mb4 COLLATE=utf8mb4_unicode_ci;
/*!40101 SET character_set_client = @saved_cs_client */;

--
-- Dumping data for table `_PermissionToRole`
--

/*!40000 ALTER TABLE `_PermissionToRole` DISABLE KEYS */;
/*!40000 ALTER TABLE `_PermissionToRole` ENABLE KEYS */;

--
-- Table structure for table `_prisma_migrations`
--

DROP TABLE IF EXISTS `_prisma_migrations`;
/*!40101 SET @saved_cs_client     = @@character_set_client */;
/*!50503 SET character_set_client = utf8mb4 */;
CREATE TABLE `_prisma_migrations` (
  `id` varchar(36) COLLATE utf8mb4_unicode_ci NOT NULL,
  `checksum` varchar(64) COLLATE utf8mb4_unicode_ci NOT NULL,
  `finished_at` datetime(3) DEFAULT NULL,
  `migration_name` varchar(255) COLLATE utf8mb4_unicode_ci NOT NULL,
  `logs` text COLLATE utf8mb4_unicode_ci,
  `rolled_back_at` datetime(3) DEFAULT NULL,
  `started_at` datetime(3) NOT NULL DEFAULT CURRENT_TIMESTAMP(3),
  `applied_steps_count` int unsigned NOT NULL DEFAULT '0',
  PRIMARY KEY (`id`)
) ENGINE=InnoDB DEFAULT CHARSET=utf8mb4 COLLATE=utf8mb4_unicode_ci;
/*!40101 SET character_set_client = @saved_cs_client */;

--
-- Dumping data for table `_prisma_migrations`
--

/*!40000 ALTER TABLE `_prisma_migrations` DISABLE KEYS */;
INSERT INTO `_prisma_migrations` VALUES ('019bdfe5-08cb-41eb-8a0c-e5a326076ea7','6ffb6634d279fe5cb86178b5ad0f76dec83d0473614f8468479a2ca2feb34ba4','2024-11-11 02:10:45.368','20240726071816_six',NULL,NULL,'2024-11-11 02:10:45.204',1),('0ef7a6c8-a5ba-4f64-9be5-a39cd24308c6','ac1fbeb297fc7e0bef3a29f5269cd07f49e3759d03da64a71436516a541041ad','2024-11-11 02:10:46.038','20240728053055_init',NULL,NULL,'2024-11-11 02:10:46.014',1),('0f99bd90-fbc9-489d-89e6-db872c837fe5','3763fc3416a12d98919700415bfc62c596638a500fabf7190e435e2009afd9d3','2024-11-11 02:10:46.319','20240921130409_init',NULL,NULL,'2024-11-11 02:10:46.297',1),('11d626b6-a6f6-46af-90ca-cf0ef6007326','41625571cb14b75acadf9b108a2affbc9ae9c75a0147333949889204c00f9cbf','2024-11-11 02:10:46.382','20241022120253_init',NULL,NULL,'2024-11-11 02:10:46.321',1),('16e68152-5d1d-46be-8471-e2590137824a','0ca709dafc69d4a562413983719ef70c93bec463247a50fde1efd99ae1c422aa','2024-11-11 02:10:45.987','20240728012628_init',NULL,NULL,'2024-11-11 02:10:45.916',1),('2e5b352a-3a54-4b11-b782-da2a2f708350','2b6b8e1c081d9da6d99183833e918fd36051033be4180f425d3ccbd0c5f32f2e','2024-11-11 02:10:46.250','20240908122522_init',NULL,NULL,'2024-11-11 02:10:46.236',1),('3fc893d8-ec8c-44ec-9469-9265d9dd54e3','3b70ee462b84059396ffdc3326cc928652b0097ef7e576022011d8a3d39f0c02','2024-11-11 02:10:45.862','20240728005322_init',NULL,NULL,'2024-11-11 02:10:45.545',1),('41db2d92-0c18-445f-b477-792dfa3b0fef','0d8e9be20b56e1a1b0b165e3280bb220354178fe5b252e7a78d49effcaf0392d','2024-11-11 02:10:45.513','20240727073652_init',NULL,NULL,'2024-11-11 02:10:45.371',1),('440c1424-8571-459d-b526-efe2de60d122','3cb4f0839acfbf893f2af224f8727874f9047ccf653f71d0743f308b86b02b27','2024-11-11 02:10:46.066','20240728053407_init',NULL,NULL,'2024-11-11 02:10:46.041',1),('4cbb0c54-20b7-45ce-be51-4a2b697e3024','b843984ce814d02dc7ff21b0db0988ef1a350d454e596ecf5e62bca8cc66bb69','2024-11-11 02:10:45.541','20240728001947_init',NULL,NULL,'2024-11-11 02:10:45.517',1),('74bc8a80-f938-421d-b96b-1819300dfb2f','3eb6da7b5c55a0ffbefe41e79f9d8829cd69752c7ba3b94a5ee57b442422e455','2024-11-11 02:10:46.234','20240729080447_init',NULL,NULL,'2024-11-11 02:10:46.185',1),('7d1d081a-d0b4-4537-99cc-f4db74f87a67','762e962e1e04537e9e2c2fe0997f8dd68c39a876c7f79790660af6625fbf5721','2024-11-11 02:10:45.201','20240726071258_six',NULL,NULL,'2024-11-11 02:10:45.100',1),('85648a6a-a318-4357-9e96-001d39049aef','91fe749df65ad5d89c11a96573a377b1f4c7ee0ec6f37d459e05d20766de22ae','2024-11-11 07:56:50.558','20241111075650_addnewtable',NULL,NULL,'2024-11-11 07:56:50.534',1),('b29b6797-4424-4a7c-96cc-06dbd0ef2ba3','8ea0b700738b3ad8dba4217d02a1ab2270b80bf57d74b0ef2a42c398e5b1cf3d','2024-11-11 02:10:46.012','20240728012834_init',NULL,NULL,'2024-11-11 02:10:45.989',1),('bb2b9755-3710-436c-b705-8f898dce69e4','75446894718645b63e23fbb742ff8c3eb486d803f584bf4019110b32a92e70a7','2024-11-11 02:10:46.182','20240729054920_init',NULL,NULL,'2024-11-11 02:10:46.069',1),('c5afec93-6957-430a-a1ea-74639f5eca88','6a503d375d179d4c20d3bbb3480b9cd14cc99ccf08632f9cb9bf42816ce98a53','2024-11-11 02:10:51.405','20241111021051_addnewtable',NULL,NULL,'2024-11-11 02:10:51.365',1),('cb2003e4-a40a-433e-bb58-67d88c24ce9d','808d704ae3a02363ebe7745984060ec48a56dd22120e12b959b5b8a22ab231c4','2024-11-11 02:10:46.294','20240908123809_init',NULL,NULL,'2024-11-11 02:10:46.253',1),('cf60ee80-c044-4084-a5c0-7e8c37ccfdc4','79c101a8cfa06157ec3d3cded8159ba74abe384aa959e80e44622f358ae01955','2024-11-11 02:10:44.852','20240725022619_init',NULL,NULL,'2024-11-11 02:10:44.443',1),('d65bf4d3-98ac-428e-8d8e-806d982de77f','b66a48e60fa5176556e7498fc3418682fea3417a6e774e9a0682cb2a6b8342c4','2024-11-11 02:10:45.098','20240726052540_',NULL,NULL,'2024-11-11 02:10:44.855',1),('d770f5c8-4a59-42a0-8886-c41ca4f2508c','7c7887c48c79bb32df9641bf871e077d662afbd2e4ec7e4f445cb6c10c4662f4','2024-11-11 02:10:45.913','20240728011552_init',NULL,NULL,'2024-11-11 02:10:45.866',1),('f8958e80-af2f-4461-92e8-5c5cab732951','9c9282c249bcbf8b37b8feebea19062371e8dc3ece7ff1a417a0b908cfb8ee0b','2024-11-11 02:10:44.439','20240724055556_init',NULL,NULL,'2024-11-11 02:10:43.889',1);
/*!40000 ALTER TABLE `_prisma_migrations` ENABLE KEYS */;

--
-- Dumping routines for database 'six'
--
/*!40103 SET TIME_ZONE=@OLD_TIME_ZONE */;

/*!40101 SET SQL_MODE=@OLD_SQL_MODE */;
/*!40014 SET FOREIGN_KEY_CHECKS=@OLD_FOREIGN_KEY_CHECKS */;
/*!40014 SET UNIQUE_CHECKS=@OLD_UNIQUE_CHECKS */;
/*!40101 SET CHARACTER_SET_CLIENT=@OLD_CHARACTER_SET_CLIENT */;
/*!40101 SET CHARACTER_SET_RESULTS=@OLD_CHARACTER_SET_RESULTS */;
/*!40101 SET COLLATION_CONNECTION=@OLD_COLLATION_CONNECTION */;
/*!40111 SET SQL_NOTES=@OLD_SQL_NOTES */;

-- Dump completed on 2025-01-26  9:27:00
